label,DOY,date,time,PA,T_PA,altitude,TA,ch4_dry,CO2_dry,h20,EC_2,SWC_2,TS_2,volume_tot,latitude,longitude,Fch4,Fch4_dCdt,Fch4_r2,Fch4_cv,Fch4_c0,Fch4_cx,Fch4_a,Fch4_t0,Fch4_sei,Fch4_lin,Fch4_lin_dCdt,Fch4_lin_r2,Fch4_lin_cv,Fch4_lin_se,Fch4_lin_ssn,Fco2_c0,Fco2,Fco2_dCdt,Fco2_r2,Fco2_cv,Fco2_cx,Fco2_a,Fco2_t0,Fco2_sei,Fco2_ses,Fco2_lin,Fco2_lin_dCdt,Fco2_lin_r2,Fco2_lin_cv,Fco2_lin_se,type
BIE10_nee,151.54382,2023/05/31,13:03:06,90.51,36.04715,1014.1,24.31257,7578.741,483.59,22.458,0.021,0.755,21.9,29572.42,46.9831,6.72483,794.78484,49.57953,0.99606,1.17849,7578.74091,11891.19065,0.0115,-29.459,7.54223,255.14997,15.91653,0.97788,1.94318,0.2482,-9999,483.58836,2.21816,0.13837,0.95893,1.98115,526.04237,0.00326,-17.86141,0.16005,0.00222,1.65859,0.10346,0.95674,2.49118,0.00228,nee
BIE10_nee,206.53257,2023/07/25,12:46:54,89.78,29.34583,1015.1,18.94636,1980.438,487.9,20.579,0.006,0.099,18.2,32872.42,46.9831,6.72482,-1.95168,-0.10822,0.9975,1.27999,1980.43818,0,5e-5,0,0.18477,-1.95168,-0.10822,0.9975,1.27999,5.6e-4,-9999,487.89891,3.87802,0.21504,0.98408,1.53584,574.50228,0.00248,-42.38096,0.15408,0.00214,2.92437,0.16216,0.983,1.7968,0.00221,nee
BIE10_nee,227.45212,2023/08/15,10:51:03,90.91,34.01317,1008,21.36073,1975.873,569.03,22.968,0.009,0.115,21.1,33532.42,46.9831,6.7248,-1.67284,-0.09076,0.99621,1.321,1975.87273,0,5e-5,0,0.06889,-1.67284,-0.09076,0.99621,1.321,5.8e-4,-9999,569.03355,3.58759,0.19465,0.50482,7.77065,743.7654,0.00111,50,1.07692,0.01496,3.7587,0.20393,0.98981,1.56302,0.00215,nee
BIE10_nee,249.43791,2023/09/06,10:30:35,91.02,34.07934,1011.1,20.26089,2177.162,606.78,22.579,0.003,0.028,18.9,33862.42,46.9831,6.72482,-1.97494,-0.10555,0.99747,1.26764,2177.16227,0,5e-5,0,0.10223,-1.97494,-0.10555,0.99747,1.26764,5.5e-4,-9999,606.78173,4.44622,0.23762,0.9942,1.4005,1000000,0,0,12.20602,0.00188,4.44622,0.23762,0.9942,1.4005,0.00188,nee
BIE10_nee,270.50383,2023/09/27,12:05:31,90.98,29.34961,1012.2,16.52966,2091.19,494.95,13.744,0.018,0.411,15.4,32542.42,46.9831,6.72483,-1.26519,-0.06887,0.99531,1.35798,2091.19045,0,3e-5,0,0.42096,-1.26519,-0.06887,0.99531,1.35798,4.9e-4,-9999,494.95245,3.99906,0.21768,0.38952,4.39218,540.92143,0.00474,-50,0.6641,0.00922,2.05173,0.11168,0.96241,2.3532,0.00229,nee
BIE10_nee,305.45266,2023/11/01,10:51:50,89.7,17.8608,1002,5.18162,2497.749,527.12,8.993,0.028,0.781,5.5,30892.42,46.9831,6.72483,1.85194,0.10299,0.99746,1.28682,2497.74864,1000000,0,0,0.96292,1.85194,0.10299,0.99746,1.28682,5.4e-4,-9999,527.1195,-0.56142,-0.03122,0.72173,6.54532,0,6e-5,0,0.30531,0.00201,-0.56142,-0.03122,0.72173,6.54532,0.00201,nee
BIE10_nee,173.5167,2023/06/22,12:24:03,90.79,34.61783,1010.3,22.4392,2016.513,496.11,20.332,0.028,0.498,21.9,30892.42,46.9831,6.72486,11.79126,0.69607,0.99954,1.16942,2016.51273,2221.86094,0.00339,-5.67452,0.08577,9.08411,0.53626,0.99751,1.26775,0.00278,-9999,496.10809,5.59718,0.33042,0.9936,1.36669,688.96991,0.00171,-7.21513,0.17313,0.0024,4.89322,0.28886,0.99307,1.44507,0.0025,nee
BIE10_respi,151.54194,2023/05/31,13:00:24,90.5,35.68873,1013.5,22.94793,13700.473,490.99,24.537,0.021,0.763,22.1,29572.42,46.9831,6.72482,1608.82726,100.12232,0.78272,1.70034,13700.47273,17503.58587,0.02633,8.15883,89.62217,341.77277,21.26958,0.68216,7.17263,1.50551,-9999,490.99432,4.6135,0.28711,0.98796,1.47109,579.89127,0.00323,-1.86849,0.18703,0.0026,3.64271,0.2267,0.98571,1.70412,0.00283,respi
BIE10_respi,173.51369,2023/06/22,12:19:43,90.78,34.40009,1011.3,22.53579,2067.72,498.79,21.597,0.028,0.502,22.4,30892.42,46.9831,6.72484,24.12662,1.42669,0.99988,1.16091,2067.72045,2772.1953,0.00203,-10.140930000000001,0.09901,20.44897,1.20922,0.99923,1.19203,0.00347,-9999,498.79277,12.80635,0.75728,0.99867,1.20301,936.23279,0.00173,-7.28062,0.17985,0.0025,11.17575,0.66086,0.99815,1.23993,0.00295,respi
BIE10_respi,206.53008,2023/07/25,12:43:19,89.79,28.48486,1014.8,16.80223,1982.553,506.75,19.048,0.006,0.099,17.5,32872.42,46.9831,6.72482,-2.01949,-0.11098,0.99731,1.28834,1982.55273,0,6e-5,0,0.33250999999999997,-2.01949,-0.11098,0.99731,1.28834,6e-4,-9999,506.74941,12.43137,0.68314,0.99876,1.2124,910.63692,0.00169,-14.99431,0.15554,0.00216,10.74002,0.5902,0.99825,1.24816,0.00256,respi
BIE10_respi,227.44992,2023/08/15,10:47:53,90.91,33.54073,1008.3,21.06724,1982.774,533.15,22.598,0.009,0.118,21.3,33532.42,46.9831,6.7248,-1.68969,-0.09156,0.99695,1.29022,1982.77364,0,5e-5,0,0.0883,-1.68969,-0.09156,0.99695,1.29022,5.2e-4,-9999,533.152,11.38606,0.61696,0.99856,1.20641,994.75564,0.00134,-25.75706,0.15342,0.00213,9.99583,0.54163,0.99825,1.23465,0.00235,respi
BIE10_respi,249.43501,2023/09/06,10:26:25,91.01,34.12897,1011.7,19.6919,2186.365,568.23,21.443,-4.1e-4,-0.00327,19.9,33862.42,46.9831,6.72481,-2.11767,-0.11284,0.99827,1.23311,2186.36455,0,5e-5,0,0.84562,-2.11767,-0.11284,0.99827,1.23311,4.9e-4,-9999,568.23009,9.76948,0.52055,0.99792,1.23385,1137.33529,9.1e-4,-23.75265,0.16247,0.00226,8.95191,0.47699,0.99778,1.2544,0.00233,respi
BIE10_respi,270.50183,2023/09/27,12:02:38,90.99,29.25907,1013.2,16.85822,2093.804,506.35,13.984,0.019,0.41,16.5,32542.42,46.9831,6.72483,-1.33822,-0.07294,0.99404,1.4076,2094.36898,0,3e-5,0,2.37757,-1.33822,-0.07294,0.99404,1.4076,5.9e-4,-9999,505.29849,7.49734,0.40864,0.99603,1.26903,692.32835,0.00218,-32.04361,0.15381,0.00214,5.98142,0.32602,0.99518,1.363,0.00235,respi
BIE10_respi,305.44946,2023/11/01,10:47:13,89.71,17.27953,1002.1,4.8695,2552.986,536.14,8.773,0.028,0.773,5.5,30892.42,46.9831,6.72483,2.39435,0.13296,0.99426,1.34826,2552.98591,2611.59121,0.00227,-6.69883,0.06319,2.00489,0.11134,0.99324,1.454,9.5e-4,-9999,536.139,1.60098,0.08891,0.76868,2.561,540.58675,0.01999,20.28062,0.14564,0.00202,0.62252,0.03457,0.72649,6.47026,0.0022,respi
BIE11_nee,151.52748,2023/05/31,12:39:34,90.52,34.4756,1008.9,21.86439,3830.052,489.59,16.068,0.033,0.649,22.6,32212.42,46.9832,6.72471,2421.76581,136.63919,0.94958,1.77507,3830.05227,32823.20261,0.00471,-50,132.18245,1360.55423,76.76424,0.94791,2.69353,1.86609,-9999,489.59464,2.81293,0.15871,0.9783,1.93154,1000000,0,0,0.8164,0.00245,2.81293,0.15871,0.9783,1.93154,0.00245,nee
BIE11_nee,206.5401,2023/07/25,12:57:45,89.79,28.81769,1011.4,17.4965,1976.318,475.9,16.603,0.005,0.087,18.9,32872.42,46.9832,6.72471,-6.7687,-0.37192,0.99912,1.18563,1976.31818,1914.27364,0.00599,-9.26,0.05113,-4.19239,-0.23036,0.9937,1.43203,0.0019,-9999,475.89927,17.7601,0.97586,0.96981,1.20874,510.21719,0.02844,0.58542,0.21288,0.00296,2.75951,0.15163,0.85366,4.44992,0.00651,nee
BIE11_nee,227.46025,2023/08/15,11:02:46,90.88,36.94877,1008.8,25.14814,1951.922,491.74,23.431,0.009,0.14259,21.87273,32872.42,46.9832,6.72471,-3.13359,-0.17581,0.99865,1.21608,1951.92182,0,9e-5,0,0.41229,-3.13359,-0.17581,0.99865,1.21608,6.7e-4,-9999,491.74327,8.32182,0.46691,0.99322,1.284,561.84189,0.00666,6.50357,0.18863,0.00262,5.42369,0.3043,0.98365,1.76668,0.00407,nee
BIE11_nee,249.44459,2023/09/06,10:40:13,91.01,35.15834,1011.3,24.30993,2165.833,498.36,24.172,0.007,0.109,19.1,34522.42,46.9832,6.72469,-3.90082,-0.20766,0.99921,1.19011,2165.83318,0,1e-4,0,0.67495,-3.90082,-0.20766,0.99921,1.19011,6.1e-4,-9999,498.35877,4.8918,0.26042,0.99313,1.44033,1000000,0,0,2.78616,0.00225,4.8918,0.26042,0.99313,1.44033,0.00225,nee
BIE11_nee,270.51118,2023/09/27,12:16:06,90.94,31.22701,1009.7,21.86444,1981.163,484.23,10.19,0.007,0.125,16.5,33532.42,46.9832,6.72471,-3.04599,-0.16336,0.99933,1.18633,1981.16273,0,8e-5,0,0.70983,-3.04599,-0.16336,0.99933,1.18633,4.4e-4,-9999,484.23091,-0.02618,-0.0014,0.00442,156.46713,0,0,0,1.58058,0.0022,-0.02618,-0.0014,0.00442,156.46713,0.0022,nee
BIE11_nee,305.45961,2023/11/01,11:01:50,89.69,18.5642,1002.1,6.46179,2310.422,509.57,9.966,0.03,0.733,5.7,33532.42,46.9832,6.72471,0.73269,0.03776,0.97625,1.99946,2310.42182,1000000,0,0,0.57929,0.73269,0.03776,0.97625,1.99946,6.1e-4,-9999,509.57014,-2.58363,-0.13314,0.05038,3.08097,508.717,0.15605,19.65589,0.273,0.00379,-0.61664,-0.03178,0.71713,6.61772,0.00207,nee
BIE11_nee,173.52963,2023/06/22,12:42:40,90.8,33.84271,1010.1,21.71044,2044.863,505.39,19.813,0.022,0.461,21.1,32212.42,46.9832,6.72471,30.35002,1.71287,0.99152,1.5027,2044.86318,1000000,0,0,1.62888,30.35002,1.71287,0.99152,1.5027,0.01643,-9999,505.387,13.72482,0.77459,0.99792,1.25,1000000,0,0,3.80845,0.00367,13.72482,0.77459,0.99792,1.25,0.00367,nee
BIE11_respi,151.52397,2023/05/31,12:34:31,90.53,34.4083,1008.2,21.91714,3289.908,489.26,16.779,0,0,23.9,32212.42,46.9832,6.72472,397.88271,22.46776,0.99964,1.16527,3289.90773,7629.65846,0.00518,-39.11784,1.80059,225.17808,12.71542,0.99558,1.35003,0.08783,-9999,489.25586,11.27554,0.63671,0.99827,1.22259,924.0375,0.00146,-4.82738,0.17711,0.00246,10.08231,0.56933,0.99789,1.25415,0.00272,respi
BIE11_respi,206.53775,2023/07/25,12:54:22,89.76,29.66896,1011.1,17.968,1974.753,482.81,17.631,0.005,0.084,18.9,32872.42,46.9832,6.72471,-4.75792,-0.2622,0.99813,1.2532,1974.75318,0,1.3e-4,0,0.26664,-4.75792,-0.2622,0.99813,1.2532,0.00118,-9999,482.81386,18.60928,1.02551,0.99856,1.23472,1000000,0,0,0.58416,0.00404,18.60928,1.02551,0.99856,1.23472,0.00404,respi
BIE11_respi,227.45826,2023/08/15,10:59:54,90.88,35.85227,1008.8,24.99532,1956.535,478.39,22.142,0.009,0.14173,21.5,32872.42,46.9832,6.7247,-3.20697,-0.17959,0.99893,1.20389,1956.53455,0,9e-5,0,0.07286,-3.20697,-0.17959,0.99893,1.20389,6.1e-4,-9999,478.39273,11.43184,0.64019,0.99909,1.19657,1000000,0,0,0.65008,0.002,11.43184,0.64019,0.99909,1.19657,0.002,respi
BIE11_respi,249.4423,2023/09/06,10:36:55,90.99,34.24462,1012.4,22.90847,2172.823,548.29,23.169,0.007,0.109,18.8,34522.42,46.9832,6.72468,-4.07296,-0.21563,0.99912,1.1945,2172.82273,0,1e-4,0,0.56443,-4.07296,-0.21563,0.99912,1.1945,6.6e-4,-9999,548.29355,11.96094,0.63324,0.99769,1.23067,1082.66346,0.00119,-50,0.19455,0.0027,10.23149,0.54168,0.99839,1.22696,0.00225,respi
BIE11_respi,270.50894,2023/09/27,12:12:52,90.93,30.4142,1010,21.45064,1991.822,483.96,9.119,0.007,0.126,15.5,33532.42,46.9832,6.72471,-3.48622,-0.18653,0.9986,1.21906,1991.82182,0,9e-5,0,1.26581,-3.48622,-0.18653,0.9986,1.21906,7.3e-4,-9999,483.96268,10.47719,0.56058,0.99837,1.20907,826.58352,0.00164,-28.44825,0.14377,0.002,8.89566,0.47596,0.99789,1.24973,0.00227,respi
BIE11_respi,305.45719,2023/11/01,10:58:21,89.68,18.22112,1001.3,6.07579,2321.676,526.27,9.524,0.024,0.787,5.8,33532.42,46.9832,6.72472,0.76336,0.03927,0.97187,2.12012,2321.67636,1000000,0,0,5.60965,0.76336,0.03927,0.97187,2.12012,6.9e-4,-9999,526.26636,1.6478,0.08477,0.92543,3.16969,1000000,0,0,6.42474,0.0025,1.6478,0.08477,0.92543,3.16969,0.0025,respi
BIE11_respi,173.52535,2023/06/22,12:36:30,90.79,33.93523,1009.4,21.74057,2029.123,499.16,19.99,0.022,0.461,21.5,32212.42,46.9832,6.72474,19.14473,1.08092,0.99179,1.49297,2029.12273,1000000,0,0,3.98583,19.14473,1.08092,0.99179,1.49297,0.0102,-9999,499.16336,15.93607,0.89976,0.99913,1.19674,1000000,0,0,1.86056,0.00275,15.93607,0.89976,0.99913,1.19674,0.00275,respi
BIE12_nee,151.51538,2023/05/31,12:22:09,90.54,32.5995,1002.4,22.02483,4730.814,485.15,15.701,0.035,0.758,24.4,27922.42,46.9834,6.7246,3226.11026,209.98433,0.803,4.54966,4730.81364,154656.46345,0.0014,-44.47402,665.13321,2771.99265,180.42626,0.80802,5.1858,9.11956,-9999,485.15459,-4.88058,-0.31767,0.26762,17.19346,0,6.5e-4,0,4.5931,0.05449,-4.88058,-0.31767,0.26762,17.19346,0.05449,nee
BIE12_nee,206.55066,2023/07/25,13:12:57,89.78,28.61335,1010.1,17.631,1977.892,476.21,17.523,0.026,0.41,18.8,30892.42,46.9834,6.72459,-3.18439,-0.18646,0.99821,1.24991,1977.89182,0,9e-5,0,0.71526,-3.18439,-0.18646,0.99821,1.24991,8.2e-4,-9999,476.21486,12.7399,0.74596,0.95385,1.24337,497.48707,0.03507,13.88868,0.22575,0.00314,2.12954,0.12469,0.78487,5.55352,0.00677,nee
BIE12_nee,227.46669,2023/08/15,11:12:02,90.92,37.1342,1007.4,23.76519,1950.335,475.48,19.548,0.009,0.13,23.3,32212.42,46.9834,6.7246,-3.6047,-0.20453,0.99925,1.18938,1950.335,0,1e-4,0,0.81594,-3.6047,-0.20453,0.99925,1.18938,5.8e-4,-9999,475.48236000000003,14.25589,0.80886,0.9994,1.17699,1134.40547,0.00123,-21.52651,0.13234,0.00184,12.71434,0.72139,0.99914,1.19444,0.0022,nee
BIE12_nee,249.45363,2023/09/06,10:53:14,91.01,36.80208,1009,25.27028,2185.553,500.44,24.696,0.015,0.257,21.1,32212.42,46.9834,6.72459,-3.72812,-0.2135,0.99932,1.18448,2185.55273,0,1e-4,0,2.90297,-3.72812,-0.2135,0.99932,1.18448,5.8e-4,-9999,500.44127,5.75217,0.32941,0.99303,1.31425,612.80201,0.00293,-38.6338,0.14947,0.00208,4.16859,0.23872,0.99159,1.49749,0.00228,nee
BIE12_nee,270.52132,2023/09/27,12:30:42,90.96,34.9962,1006.3,24.84235,2006.39,488.33,15.041,0.007,0.11,18.9,32542.42,46.9833,6.7246,-3.05213,-0.17117,0.99894,1.20242,2006.39,0,9e-5,0,0.48823,-3.05213,-0.17117,0.99894,1.20242,5.8e-4,-9999,488.32518,3.31487,0.18591,0.98558,1.70445,1000000,0,0,0.3214,0.00233,3.31487,0.18591,0.98558,1.70445,0.00233,nee
BIE12_nee,305.46834,2023/11/01,11:14:25,89.67,19.2566,1003.2,7.73622,2030.066,486.86,9.971,0.039,0.726,6.47273,32212.42,46.9833,6.7246,1.57081,0.08466,0.99592,1.31954,2030.06591,2095.42892,0.0013,-5.77384,0.03659,1.421,0.07659,0.99563,1.36126,5.3e-4,-9999,486.85686,1.17699,0.06344,0.11133,3.37507,489.9513,0.0205,-41.96483,0.14451,0.00201,0.1196,0.00645,0.09856,31.38205,0.00202,nee
BIE12_nee,173.53605,2023/06/22,12:51:55,90.79,32.93513,1009.7,21.3457,2015.787,516.01,18.204,0.03423,0.48168,20.85455,32212.42,46.9834,6.7246,9.85473,0.5546,0.99921,1.20133,2015.78682,1000000,0,0,1.05137,9.85473,0.5546,0.99921,1.20133,0.00179,-9999,516.00559,11.64142,0.65515,0.99779,1.25131,930.99129,0.00158,-12.94808,0.21833,0.00312,10.25902,0.57735,0.99742,1.29583,0.00337,nee
BIE12_respi,151.51785,2023/05/31,12:25:42,90.52,33.82388,1005.4,23.06875,9198.504,492.51,19.181,0.03445,0.759,25.15455,27922.42,46.9834,6.72459,15.02648,0.98522,0.06105,40.68136,9198.50364,1000000,0,0,2526.35572,15.02648,0.98522,0.06105,40.68136,0.40064,-9999,492.50618,3.13852,0.20578,0.97709,1.96628,1000000,0,0,1.17266,0.00327,3.13852,0.20578,0.97709,1.96628,0.00327,respi
BIE12_respi,173.53334,2023/06/22,12:48:01,90.8,33.33743,1010,21.37677,2016.1,521.39,17.934,0,0,20.9,32212.42,46.9834,6.7246,12.1524,0.68375,0.99483,1.34364,2016.1,2589.89337,0.00119,-3.89744,0.3363,11.105,0.62482,0.9946,1.38671,0.00478,-9999,521.39277,16.52121,0.92956,0.99677,1.26957,1088.16594,0.00164,-3.13796,0.34976,0.00486,14.61711,0.82243,0.99629,1.31858,0.0052,respi
BIE12_respi,206.54816,2023/07/25,13:09:21,89.78,28.03861,1011.3,16.78479,1977.667,481.22,16.905,0.026,0.405,18.6,30892.42,46.9834,6.72459,-3.13475,-0.1829,0.99745,1.28258,1977.66682,0,9e-5,0,0.72968,-3.13475,-0.1829,0.99745,1.28258,9.6e-4,-9999,481.21591,22.33449,1.30315,0.99954,1.18431,936.57395,0.00286,-3.69961,0.16937,0.00235,18.01532,1.05114,0.99805,1.25681,0.00481,respi
BIE12_respi,227.46469,2023/08/15,11:09:09,90.91,37.34285,1007.7,25.36481,1951.355,478.84,22.638,0.008,0.132,23,32212.42,46.9834,6.7246,-3.49202,-0.19985,0.99907,1.19693,1951.35545,0,1e-4,0,0.23656,-3.49202,-0.19985,0.99907,1.19693,6.3e-4,-9999,478.84459,23.79394,1.36173,0.99967,1.16743,1730.80123,0.00109,-3.64084,0.1702,0.00236,21.92156,1.25457,0.99947,1.1791,0.00301,respi
BIE12_respi,249.45142,2023/09/06,10:50:03,91.03,36.07608,1009.2,24.51925,2162.984,511.39,22.908,0.015,0.259,20.7,32212.42,46.9834,6.72458,-3.97634,-0.2267,0.99936,1.18284,2162.98409,0,1e-4,0,1.28236,-3.97634,-0.2267,0.99936,1.18284,5.9e-4,-9999,511.39123,21.53305,1.22763,0.99958,1.16802,1215.55733,0.00174,-11.32073,0.16281,0.00226,18.63798,1.06258,0.99906,1.1963,0.00337,respi
BIE12_respi,270.51644,2023/09/27,12:23:40,90.94,33.09146,1007.5,22.70391,1985.665,497.35,10.492,0.008,0.108,18.8,32542.42,46.9833,6.7246,-3.74101,-0.20739,0.99848,1.22381,1985.66455,0,1e-4,0,1.15997,-3.74101,-0.20739,0.99848,1.22381,8.4e-4,-9999,497.35127,21.30087,1.18084,0.99946,1.17192,1001.32871,0.00234,-10.55579,0.16945,0.00235,17.57791,0.97445,0.99859,1.21867,0.00379,respi
BIE12_respi,305.46591,2023/11/01,11:10:55,89.66,19.16403,1003.6,7.35122,2071.882,489.81,9.971,0.04,0.724,6.4,32212.42,46.9834,6.72459,1.62392,0.08742,0.99374,1.36277,2071.88227,2122.3651,0.00173,-30.75008,0.04341,1.36028,0.07323,0.99321,1.45474,6.3e-4,-9999,489.80877,1.89797,0.10217,0.96539,2.28841,1000000,0,0,0.14444,0.00201,1.89797,0.10217,0.96539,2.28841,0.00201,respi
BIE13_nee,151.45778,2023/05/31,10:59:12,90.52,32.8878,1006,22.77475,2058.91,497.91,14.108,0.02,0.319,21.7,27658.42,46.9851,6.72671,-2.35664,-0.15503,0.96385,1.33877,2058.91045,2051.93564,0.02223,16.03496,0.07466,-0.75328,-0.04955,0.88777,3.86501,0.00183,-9999,497.91468,23.09432,1.51923,0.99686,1.18649,608.65354,0.01372,6.57173,0.27417,0.00381,9.81266,0.64551,0.96878,2.1931,0.01202,nee
BIE13_nee,173.60542,2023/06/22,14:31:48,90.72,32.9125,1009.1,21.95417,1996.137,511.01,23.884,0.009,0.107,21.5,31552.42,46.9851,6.72672,-1.2724,-0.07374,0.99236,1.47237,1996.13727,0,4e-5,0,0.0852,-1.2724,-0.07374,0.99236,1.47237,6.7e-4,-9999,511.007,10.77912,0.62471,0.99834,1.23153,6935.47661,1e-4,-6.28744,0.18879,0.00262,10.69739,0.61997,0.99834,1.23269,0.00262,nee
BIE13_nee,206.45921,2023/07/25,11:01:16,89.79,25.12858,1005,14.75691,1979.502,492.41,16.632,0.013,0.162,17.9,30892.42,46.9851,6.72672,-2.33073,-0.13499,0.9985,1.23805,1979.50227,0,7e-5,0,0.28708,-2.33073,-0.13499,0.9985,1.23805,5.4e-4,-9999,492.40914,24.49064,1.41846,0.99943,1.19217,1496.75938,0.00141,-4.69456,0.22784,0.00316,21.98985,1.27362,0.99908,1.21261,0.00401,nee
BIE13_nee,227.50676,2023/08/15,12:09:44,90.91,37.58979,1010.8,24.553,1959.77,469.61,21.295,0.008,0.127,24.4,30892.42,46.9851,6.72673,-1.56694,-0.09313,0.99565,1.34267,1959.76955,0,5e-5,0,0.24941,-1.56694,-0.09313,0.99565,1.34267,6.4e-4,-9999,469.6105,5.19425,0.3087,0.98953,1.57187,1000000,0,0,2.8557,0.00329,5.19425,0.3087,0.98953,1.57187,0.00329,nee
BIE13_nee,249.47625,2023/09/06,11:25:48,91.03,36.93606,1011,24.82491,2077.095,485.64,22.103,0.007,0.128,25.4,31882.42,46.985,6.72673,-1.04315,-0.0601,0.99308,1.44198,2077.09455,0,3e-5,0,0.28313,-1.04315,-0.0601,0.99308,1.44198,5.2e-4,-9999,485.63882,12.64297,0.72836,0.99851,1.19651,789.54794,0.0024,-24.42618,0.16723,0.00232,10.04912,0.57893,0.99757,1.26188,0.00297,nee
BIE13_nee,270.63934,2023/09/27,15:20:39,90.82,36.23695,1006.1,24.83504,1988.3,478.73,10.493,0.008,0.128,23.5,31882.42,46.9851,6.72672,-1.20456,-0.06874,0.99358,1.4249,1988.29955,0,3e-5,0,0.30981,-1.20456,-0.06874,0.99358,1.4249,5.7e-4,-9999,478.72859,12.92293,0.73748,0.99902,1.19988,16840.29405,5e-5,-10.27047,0.1716,0.00238,12.87508,0.73475,0.99902,1.20022,0.00238,nee
BIE13_nee,305.49138,2023/11/01,11:47:35,89.6,20.08846,1008.7,8.79327,2023.724,506.19,10.369,0.024,0.381,8,30892.42,46.9851,6.72671,-1.01108,-0.0571,0.99227,1.48969,2023.72409,0,3e-5,0,0.31161,-1.01108,-0.0571,0.99227,1.48969,5.2e-4,-9999,506.19045,5.32484,0.30073,0.74017,1.44794,517.79176,0.02592,-11.98251,0.18307,0.00254,0.68866,0.03889,0.65377,7.63728,0.00294,nee
BIE13_respi,151.45525,2023/05/31,10:55:34,90.53,32.35547,1006.1,21.58098,2059.111,540.62,13.785,0.02,0.317,20.9,27658.42,46.985,6.72671,-0.83851,-0.05492,0.98519,1.72112,2059.11136,0,3e-5,0,0.06433,-0.83851,-0.05492,0.98519,1.72112,7e-4,-9999,540.62409,11.32828,0.74192,0.98699,1.54988,788.01996,0.003,21.5125,0.54905,0.00763,9.77152,0.63996,0.98504,1.72574,0.00818,respi
BIE13_respi,173.60311,2023/06/22,14:28:29,90.7,32.34378,1006.7,21.80253,1997.165,515.71,23.225,0,0,21.3,31552.42,46.9851,6.72672,-1.4829,-0.08586,0.99364,1.42468,1997.16455,0,4e-5,0,0.1304,-1.4829,-0.08586,0.99364,1.42468,7.1e-4,-9999,515.70773,27.17982,1.57365,0.99975,1.16742,1662.10724,0.00137,-4.39033,0.16727,0.00232,24.48741,1.41776,0.99943,1.18445,0.00353,respi
BIE13_respi,206.45655,2023/07/25,10:57:26,89.78,24.37965,1003.6,14.62872,1974.565,505.62,16.569,0.013,0.162,17,30892.42,46.985,6.72671,-2.83537,-0.16415,0.99837,1.24393,1974.565,0,8e-5,0,0.34738,-2.83537,-0.16415,0.99837,1.24393,6.9e-4,-9999,505.61605,29.62408,1.71507,0.99952,1.19209,5048.84364,3.8e-4,-2.63216,0.27401,0.00381,28.80201,1.66748,0.99949,1.19429,0.00389,respi
BIE13_respi,227.50475,2023/08/15,12:06:50,90.91,37.38229,1010.9,24.7986,1958.345,473.3,21.515,0.008,0.13136,24.31818,30892.42,46.9851,6.72672,-1.54752,-0.09207,0.99697,1.28852,1958.34455,0,5e-5,0,0.09555,-1.54752,-0.09207,0.99697,1.28852,5.3e-4,-9999,473.29964,25.41718,1.51222,0.99985,1.1611,4267.62784,4e-4,-6.76254,0.13305,0.00185,24.63255,1.46553,0.99983,1.16269,0.002,respi
BIE13_respi,249.47409,2023/09/06,11:22:41,91.03,37.72254,1012.4,23.8032,2078.817,482.28,20.723,0.007,0.131,26.7,31882.42,46.985,6.72673,-1.42814,-0.08188,0.99648,1.30787,2078.81682,0,4e-5,0,0.5546,-1.42814,-0.08188,0.99648,1.30787,5e-4,-9999,482.28041,25.08922,1.43848,0.99969,1.16477,1495.82982,0.00142,-13.13637,0.16658,0.00231,22.24598,1.27546,0.99934,1.18381,0.00339,respi
BIE13_respi,270.63711,2023/09/27,15:17:26,90.82,35.87974,1002.7,23.71629,1992.763,482.52,10.21,0.008,0.12845,23.7,31882.42,46.9851,6.72672,-1.66377,-0.09457,0.99701,1.2877,1992.76318,0,5e-5,0,0.86358,-1.66377,-0.09457,0.99701,1.2877,5.4e-4,-9999,482.52468,22.38159,1.27215,0.99967,1.16994,3017.06915,5e-4,-10.15634,0.16525,0.0023,21.47912,1.22086,0.99963,1.17297,0.00243,respi
BIE13_respi,305.48938,2023/11/01,11:44:42,89.6,19.70996,1009.1,8.56928,2027.329,498.61,10.122,0.023,0.377,7.7,30892.42,46.9851,6.72671,-1.08798,-0.06138,0.99205,1.49791,2027.32909,0,3e-5,0,0.25199,-1.08798,-0.06138,0.99205,1.49791,5.7e-4,-9999,498.60773,9.79186,0.55245,0.9983,1.23507,853.52529,0.00156,-7.66781,0.15066,0.00209,8.65632,0.48838,0.99788,1.26918,0.00234,respi
BIE14_nee,151.46433,2023/05/31,11:08:38,90.52,31.86081,1005.3,24.67081,2051.817,504.01,15.651,0.01,0.16255,22.49091,27658.42,46.9843,6.72761,-0.57644,-0.03822,0.85608,4.4068,2051.81727,0,2e-5,0,0.27994,-0.57644,-0.03822,0.85608,4.4068,0.00163,-9999,504.00768,10.00648,0.66353,0.99772,1.2451,1174.79452,9.9e-4,-16.13027,0.21721,0.00302,9.17328,0.60828,0.99755,1.26795,0.00313,nee
BIE14_nee,173.54885,2023/06/22,13:10:21,90.8,32.00367,1004.7,21.12621,1990.23,526.99,20.021,0.013,0.137,21.1,29572.42,46.9843,6.72761,-1.70727,-0.10477,0.99549,1.35135,1990.23,0,5e-5,0,0.1518,-1.70727,-0.10477,0.99549,1.35135,7.3e-4,-9999,526.98764,19.40165,1.19063,0.99936,1.17742,1007.64901,0.00248,-3.92876,0.18647,0.00259,16.09535,0.98773,0.99814,1.2407300000000001,0.00442,nee
BIE14_nee,206.4665,2023/07/25,11:11:46,89.81,25.33703,1005.1,14.5084,1980.425,500.49,16.47,0.028,0.243,17.2,30232.42,46.9843,6.72764,-2.60687,-0.15408,0.99811,1.25475,1980.42545,0,8e-5,0,0.07254,-2.60687,-0.15408,0.99811,1.25475,6.9e-4,-9999,500.48509,22.8406,1.35003,0.99953,1.19099,3693.95651,4.2e-4,-5.81449,0.21161,0.00294,22.10231,1.30639,0.9995,1.19361,0.00303,nee
BIE14_nee,227.49964,2023/08/15,11:59:29,90.89,36.72832,1015.8,24.67712,1952.463,488.94,23.264,0.014,0.154,23.9,30232.42,46.9843,6.7276,-1.69641,-0.10329,0.99476,1.37863,1952.46318,0,5e-5,0,0.08493,-1.69641,-0.10329,0.99476,1.37863,7.8e-4,-9999,488.93705,13.93392,0.84841,0.76815,1.29327,507.20313,0.04645,10.36948,0.35557,0.00494,1.16216,0.07076,0.51185,10.1922,0.00717,nee
BIE14_nee,249.51696,2023/09/06,12:24:25,90.95,41.49309,1004.8,30.15453,2057.626,472.33,27.98,0,0,25.9,30232.42,46.9843,6.72764,-1.49519,-0.0931,0.99603,1.32544,2057.62636,0,5e-5,0,0.42871,-1.49519,-0.0931,0.99603,1.32544,6.1e-4,-9999,472.33327,-4.55453,-0.2836,0.98567,1.70049,0,6e-4,0,1.7526,0.00355,-4.55453,-0.2836,0.98567,1.70049,0.00355,nee
BIE14_nee,270.59911,2023/09/27,14:22:43,90.84,30.97122,1003.4,21.96041,2006.028,509.76,12.616,0.01,0.194,19.1,28912.42,46.9843,6.7276300000000004,-1.96979,-0.12301,0.99521,1.36183,2006.02773,0,6e-5,0,0.81711,-1.96979,-0.12301,0.99521,1.36183,8.8e-4,-9999,509.76232,13.34942,0.83362,0.99896,1.20369,1000000,0,0,4.3144,0.00279,13.34942,0.83362,0.99896,1.20369,0.00279,nee
BIE14_nee,305.53949,2023/11/01,12:56:52,89.56,19.72917,1013.9,9.10491,2008.043,525.22,10.932,0.014,0.29,8.8,27658.42,46.9843,6.72758,-2.04874,-0.12952,0.99835,1.24907,2008.04273,0,6e-5,0,0.08706,-2.04874,-0.12952,0.99835,1.24907,5.5e-4,-9999,525.21905,12.32897,0.77941,0.99889,1.21834,1262.48766,0.00106,-3.49994,0.17895,0.00249,11.38635,0.71982,0.9987,1.23389,0.00269,nee
BIE14_respi,151.46659,2023/05/31,11:11:53,90.53,32.48352,1004.6,22.74239,2047.956,499.51,13.908,0.01,0.161,24.2,27658.42,46.9843,6.72761,-2.95671,-0.19443,0.96777,1.23355,2047.95591,2040.94813,0.02775,9.55581,0.05874,-0.61066,-0.04016,0.86395,4.34074,0.00168,-9999,499.50941,15.52965,1.02124,0.99384,1.23488,604.28993,0.00975,0.43413,0.31136,0.00433,7.88801,0.51872,0.98075,1.87758,0.00766,respi
BIE14_respi,173.54655,2023/06/22,13:07:02,90.82,31.9465,1004.1,20.88343,1987.096,531.37,19.651,0.013,0.142,21.3,29572.42,46.9843,6.72764,-1.48707,-0.09113,0.99288,1.45259,1987.09636,0,5e-5,0,0.08552,-1.48707,-0.09113,0.99288,1.45259,8e-4,-9999,531.36673,18.76589,1.14996,0.99952,1.17609,1768.55373,0.00093000000000000005,-2.91939,0.17479,0.00243,17.50732,1.07283,0.99938,1.18564,0.00278,respi
BIE14_respi,206.46418,2023/07/25,11:08:25,89.8,25.4642,1002.4,14.45482,1981.44,559.97,16.217,0.028,0.242,17.2,30232.42,46.9843,6.72762,-2.54227,-0.15022,0.99711,1.29738,1981.44045,0,8e-5,0,0.14095,-2.54227,-0.15022,0.99711,1.29738,8.4e-4,-9999,559.97255,24.1496,1.42697,0.99913,1.20895,7294.6574,2.1e-4,-5.36752,0.30841,0.00428,23.75717,1.40379,0.99913,1.21049,0.0043,respi
BIE14_respi,227.49756,2023/08/15,11:56:29,90.9,36.11929,1015.1,25.15416,1950.285,526.18,23.959,0.013,0.159,23.7,30232.42,46.9843,6.72762,-1.77214,-0.10815,0.99452,1.38783,1950.285,0,6e-5,0,0.09281,-1.77214,-0.10815,0.99452,1.38783,8.3e-4,-9999,526.18418,21.82861,1.33216,0.99919,1.18399,1497.39508,0.00137,-15.2983,0.251,0.00349,19.37415,1.18237,0.99887,1.20629,0.00413,respi
BIE14_respi,249.51163,2023/09/06,12:16:45,90.98,39.58238,1003.2,26.98076,2061.1,484.28,24.954,0.006,0.1,26.4,30232.42,46.9843,6.72764,-1.44459,-0.08871,0.9961,1.32333,2061.09955,0,4e-5,0,0.52409,-1.44459,-0.08871,0.9961,1.32333,5.8e-4,-9999,484.27623,17.96165,1.10297,0.99955,1.17032,1393.81315,0.00121,-5.51599,0.15866,0.0022,16.35652,1.0044,0.9993,1.18534,0.00276,respi
BIE14_respi,270.59709,2023/09/27,14:19:49,90.82,29.84982,1004.8,20.13424,2002.092,524.78,13.188,0.011,0.19,18.2,28912.42,46.9843,6.7276300000000004,-1.80081,-0.11184,0.9962,1.32262,2002.09227,0,6e-5,0,0.21711,-1.80081,-0.11184,0.9962,1.32262,7.2e-4,-9999,524.77832,16.897,1.0494,0.99952,1.17902,1000000,0,0,4.0272,0.00237,16.897,1.0494,0.99952,1.17902,0.00237,respi
BIE14_respi,305.53721,2023/11/01,12:53:35,89.55,19.20911,1013.2,8.93288,2013.403,514.42,10.508,0.014,0.286,8.4,27658.42,46.9843,6.72758,-2.12617,-0.13428,0.99803,1.26299,2013.40318,0,7e-5,0,0.18532,-2.12617,-0.13428,0.99803,1.26299,6.2e-4,-9999,514.41514,17.48351,1.10422,0.99958,1.19098,1172.22734,0.00168,0.99061,0.14956,0.00208,15.52775,0.9807,0.99905,1.21888,0.00314,respi
BIE15_nee,151.48322,2023/05/31,11:35:50,90.49,33.29452,1006.5,23.2949,2061.74,494.87,14.757,0.002,0.073,23,28252.42,46.9855,6.72541,-0.28415,-0.01835,0.92423,3.23344,2061.73955,0,1e-5,0,0.17443,-0.28415,-0.01835,0.92423,3.23344,5.5e-4,-9999,494.87286,0.84906,0.05483,0.82873,4.34233,532.71991,0.00145,-26.16604,0.16632,0.00229,0.74301,0.04798,0.83226,4.87229,0.00227,nee
BIE15_nee,173.61398,2023/06/22,14:44:08,90.69,33.09652,1011.2,22.95672,2000.407,488.14,20.886,0.002,0,22.6,28252.42,46.9855,6.72541,-0.35163,-0.02277,0.86159,4.31444,2000.40682,0,1e-5,0,0.1482,-0.35163,-0.02277,0.86159,4.31444,9.5e-4,-9999,488.14277,-0.60818,-0.03939,0.71076,6.71557,0,8e-5,0,1.40085,0.00261,-0.60818,-0.03939,0.71076,6.71557,0.00261,nee
BIE15_nee,206.56205,2023/07/25,13:29:21,89.78,25.99066,1015.6,13.95889,1978.981,483.99,16.417,0.003,0.09,17.7,29572.42,46.9856,6.7254,-7.14162,-0.43083,0.9981,1.19445,1978.98136,1927.63201,0.00839,-9.50136,0.07232,-3.66228,-0.22094,0.98793,1.63879,0.00253,-9999,483.99259,9.70223,0.58531,0.98116,1.24632,520.02209,0.01625,-7.74588,0.17927,0.00249,2.82084,0.17017,0.94647,2.73011,0.0042,nee
BIE15_nee,227.4789,2023/08/15,11:29:37,90.87,35.2183,1011.6,23.51926,1951.8,484.28,17.038,0.003,0.039,24.2,30232.42,46.9855,6.7254,-0.19206,-0.01158,0.80369,5.2535,1951.79955,0,1e-5,0,0.26421,-0.19206,-0.01158,0.80369,5.2535,5.9e-4,-9999,484.27573,-5.18302,-0.31246,0.99263,1.46061,0,6.5e-4,0,1.1794,0.00279,-5.18302,-0.31246,0.99263,1.46061,0.00279,nee
BIE15_nee,249.46594,2023/09/06,11:10:57,90.95,37.94761,1010.7,26.52717,2081.615,486.4,19.532,0.002,0.063,26.4,30562.42,46.9855,6.72542,-1.45475,-0.08777,0.9956,1.34402,2081.615,0,4e-5,0,0.04498,-1.45475,-0.08777,0.9956,1.34402,6.1e-4,-9999,486.40059,1.94189,0.11716,0.95912,2.34811,674.77065,6.2e-4,-1.67159,0.17253,0.0024,1.85509,0.11193,0.95906,2.43318,0.0024,nee
BIE15_nee,270.53622,2023/09/27,12:52:09,90.89,35.8055,1009,25.95,2012.436,476.63,9.036,0.002,0.078,24.7,28912.42,46.9855,6.72541,-0.95607,-0.06026,0.9915,1.50131,2012.43591,0,3e-5,0,0.46588,-0.95607,-0.06026,0.9915,1.50131,5.8e-4,-9999,476.625,-1.22938,-0.07748,0.92522,3.16591,472.10262,0.31399,-50,0,0.00228,-1.22938,-0.07748,0.92522,3.16591,0.00228,nee
BIE15_nee,305.48057,2023/11/01,11:32:01,89.58,19.36563,1005.4,8.49274,2010.986,508.12,9.58,0.003,0.189,7.2,28912.42,46.9855,6.72542,-2.94052,-0.17716,0.99808,1.21176,2010.98636,1975.76823,0.00503,-17.09735,0.03737,-1.88913,-0.11381,0.99432,1.41309,8.9e-4,-9999,508.12136,2.05161,0.1236,0.86457,1.93093,512.67044,0.02717,27.87798,0.13631,0.00189,0.72491,0.04367,0.77495,5.71037,0.00244,nee
BIE15_respi,151.48086,2023/05/31,11:32:26,90.49,32.23959,1007.9,23.4259,2057.877,500.86,15.806,0,0,21.3,28252.42,46.9855,6.72542,-0.6372,-0.04121,0.97842,1.9347,2057.87727,0,2e-5,0,0.13459,-0.6372,-0.04121,0.97842,1.9347,6.4e-4,-9999,500.85909,7.77207,0.50268,0.99712,1.2399,656.79509,0.00322,-5.1325,0.15792,0.0022,6.07488,0.39291,0.99491,1.37878,0.00293,respi
BIE15_respi,206.55963,2023/07/25,13:25:52,89.79,26.90672,1015.5,14.69103,1980.984,486.18,14.945,0,0,17.7,29572.42,46.9856,6.72541,-31.09708,-1.87781,0.99636,1.17867,1980.98364,1891.97865,0.0211,-7.54677,0.18028,-6.40822,-0.38696,0.93497,2.97504,0.01058,-9999,486.17541,38.32221,2.3141,0.9932,1.19436,637.92606,0.01525,-17.58338,0.39076,0.00543,10.2014,0.61602,0.94171,2.83327,0.01589,respi
BIE15_respi,227.47655,2023/08/15,11:26:14,90.87,34.93883,1012,23.14407,1949.645,505.33,18.256,0.003,0.042,23.7,30232.42,46.9855,6.7254,-3.29298,-0.1985,0.99517,1.22622,1949.64455,1924.47868,0.00789,-2.3292,0.05862,-1.86654,-0.11252,0.99224,1.47524,0.00103,-9999,505.33241,12.31975,0.74264,0.9969,1.20524,613.00395,0.0069,-6.01938,0.18305,0.00254,7.26918,0.43819,0.98926,1.58201,0.00473,respi
BIE15_respi,249.46363,2023/09/06,11:07:38,90.95,37.01725,1011.3,25.73511,2097.525,490.41,20.025,0.003,0.057,25.4,30562.42,46.9855,6.72542,-2.85352,-0.17181,0.9931,1.44187,2097.52545,0,8e-5,0,0.11656999999999999,-2.85352,-0.17181,0.9931,1.44187,0.00149,-9999,490.41023,17.54241,1.05623,0.99805,1.17599,587.23544,0.01091,4.21193,0.17256,0.0024,8.6003,0.51782,0.98046,1.8641,0.00758,respi
BIE15_respi,270.53426,2023/09/27,12:49:20,90.9,35.50566,1010.2,25.41666,2006.186,489.53,9.988,-4.5e-4,-0.01773,23.58636,28912.42,46.9855,6.72542,-0.99672,-0.06276,0.99078,1.52756,2006.18636,0,3e-5,0,0.08605,-0.99672,-0.06276,0.99078,1.52756,6.3e-4,-9999,489.53273,4.10162,0.25826,0.99133,1.39789,554.54245,0.00397,18.65356,0.14658,0.00204,3.32705,0.20949,0.98740000000000006,1.64469,0.00245,respi
BIE15_respi,305.47843,2023/11/01,11:28:56,89.6,19.36413,1005.9,8.68829,2011.905,502.04,10.245,0,0,8,28912.42,46.9855,6.72541,-3.80426,-0.22946,0.98786,1.22911,2011.90545,1997.11045,0.01551,-7.65856,0.0593,-1.16754,-0.07042,0.95463,2.548,0.00159,-9999,502.04341,3.21174,0.19372,0.96637,1.67792,534.42532,0.00598,-10.23962,0.167,0.00232,1.98094,0.11948,0.95971,2.42809,0.00254,respi
BIE15_respi,173.61161,2023/06/22,14:40:43,90.68,32.8745,1008.9,23.11071,2000.678,491.1,22.067,0,0,21.9,28252.42,46.9855,6.72539,-4.616,-0.29952,0.99558,1.23151,2000.67773,1966.89606,0.00887,13.03391,0.09045,-2.78424,-0.18066,0.98313,1.78489,0.00245,-9999,491.09886,16.78985,1.08945,0.99626,1.21745,616.42099,0.00869,9.17184,0.29507,0.0041,9.8701,0.64045,0.9815,1.83502,0.00912,respi
BIE16_nee,151.47341,2023/05/31,11:21:43,90.54,32.50756,1006.9,20.96377,2050.212,491.28,13.563,0.00659,0.24682,23.17727,29572.42,46.9842,6.72718,-1.53011,-0.0935,0.99623,1.32387,2050.21182,0,5e-5,0,0.17872,-1.53011,-0.0935,0.99623,1.32387,6e-4,-9999,491.2785,2.78756,0.17033,0.98635,1.67706,2397.41541,9e-5,-11.30603,0.14852,0.00206,2.76688,0.16907,0.98634,1.68364,0.00206,nee
BIE16_nee,173.64169,2023/06/22,15:24:02,90.69,35.5882,1012.1,23.9778,1989.005,513.84,23.613,0.021,0.468,23,29572.42,46.9842,6.7272,-1.26048,-0.07848,0.99418,1.4031,1989.00545,0,4e-5,0,0.26524,-1.26048,-0.07848,0.99418,1.4031,6.2e-4,-9999,513.83964,1.72714,0.10754,0.95933,2.42859,1000000,0,0,0.26161,0.0023,1.72714,0.10754,0.95933,2.42859,0.0023,nee
BIE16_nee,206.47567,2023/07/25,11:24:58,89.83,26.0628,1007.2,14.10828,1975.122,498.16,16.265,0.005,0.13,15.75455,30232.42,46.9841,6.72721,-1.03295,-0.06095,0.99108,1.52928,1975.12227,0,3e-5,0,0.04773,-1.03295,-0.06095,0.99108,1.52928,6e-4,-9999,498.15782,3.43218,0.2025,0.98127,1.53273,536.15714,0.00533,0.71168,0.14421,0.002,2.36353,0.13945,0.97625,1.99682,0.00226,nee
BIE16_nee,227.49156,2023/08/15,11:47:51,90.92,35.2817,1019.1,23.43752,1949.61,479.86,17.316,0.005,0.11177,24.26818,30232.42,46.9842,6.72716,-1.32005,-0.07953,0.99414,1.40282,1949.61045,0,4e-5,0,0.30801,-1.32005,-0.07953,0.99414,1.40282,6.3e-4,-9999,479.85568,2.28149,0.13746,0.96334,1.96464,542.32514,0.0022,-39.4135,0.1573,0.00218,1.79458,0.10812,0.96547,2.2759,0.00212,nee
BIE16_nee,249.52446,2023/09/06,12:35:13,90.99,40.53012,1010.5,26.0752,2048.759,544.73,21.642,0.004,0.162,24.9,31552.42,46.9842,6.72727,-1.92633,-0.11261,0.99811,1.23864,2048.75864,0,5e-5,0,0.20449,-1.92633,-0.11261,0.99811,1.23864,5.1e-4,-9999,544.73018,2.75434,0.16101,0.97678,1.84959,641.48352,0.00166,11.11052,0.16763,0.00233,2.49036,0.14558,0.97625,1.98654,0.00235,nee
BIE16_nee,270.55275,2023/09/27,13:15:58,90.93,34.54083,1009.1,21.52267,1992.977,492.51,12.38,0.015,0.406,22.1,30562.42,46.9842,6.72727,-0.86619,-0.05103,0.98751,1.76548,1992.97727,0,3e-5,0,0.09178,-0.86619,-0.05103,0.98751,1.76548,6.8e-4,-9999,492.50618,2.19787,0.12948,0.95671,2.48671,581.95951,0.00145,-27.84902,0.18251,0.00285,1.91675,0.11291,0.95643,2.78398,0.00286,nee
BIE16_nee,305.54764,2023/11/01,13:08:36,89.58,20.73959,1019.5,9.21683,2014.917,521.69,10.283,0.004,0.24,9,28912.42,46.9842,6.72721,-1.12489,-0.06799,0.99397,1.42646,2014.91727,0,3e-5,0,0.16154,-1.12489,-0.06799,0.99397,1.42646,5.5e-4,-9999,521.69177,2.4663,0.14908,0.55019,1.85351,528.69972,0.02127,-22.53399,0.15381,0.00214,0.3627,0.02192,0.50939,10.24415,0.00223,nee
BIE16_respi,151.47117,2023/05/31,11:18:29,90.53,32.43855,1008.5,20.24883,2051.438,492.86,13.196,0,0,24.2,29572.42,46.9842,6.72719,-11.77043,-0.71729,0.18217,1.58922,2051.43818,2045.12127,0.11355,22.31503,0.55431,0.07812,0.00476,0.0034,180.59857,0.0086,-9999,492.86355,4.79568,0.29225,0.98919,1.40716,546.46989,0.00545,9.77857,0.16554,0.00233,3.45059,0.21028,0.98184,1.84433,0.00301,respi
BIE16_respi,173.63926,2023/06/22,15:20:32,90.71,35.41903,1010.4,23.76502,1995.01,498.66,22.058,0.021,0.474,24.2,29572.42,46.9842,6.7272,-2.8893,-0.17944,0.9951,1.22972,1995.01045,1970.78617,0.00741,-6.01728,0.05373,-1.65047,-0.1025,0.99448,1.39148,7.9e-4,-9999,498.65791,7.18466,0.4462,0.99529,1.25718,599.20923,0.00444,-13.51775,0.15778,0.00219,4.93702,0.30661,0.99157,1.50105,0.00293,respi
BIE16_respi,206.47289,2023/07/25,11:20:58,89.82,25.66863,1006.6,14.02326,1979.814,508.93,16.143,0.005,0.13527,16.25455,31552.42,46.9842,6.72721,-2.07155,-0.11707,0.98693,1.67206,1979.81409,0,6e-5,0,0.30836,-2.07155,-0.11707,0.98693,1.67206,0.0014,-9999,508.93495,5.97275,0.33755,0.98546,1.6827,981.92926,7.1e-4,13.88849,0.29369,0.00408,5.73077,0.32387,0.98538,1.72225,0.00409,respi
BIE16_respi,227.48935,2023/08/15,11:44:40,90.92,34.7481,1019,23.39247,1951.845,478.8,18.034,0.005,0.115,24.9,30232.42,46.9842,6.72715,-1.30473,-0.07865,0.99411,1.404,1951.845,0,4e-5,0,0.14995,-1.30473,-0.07865,0.99411,1.404,6.3e-4,-9999,478.79527,3.72479,0.22455,0.99121,1.47516,808.17366,6.8e-4,-19.4544,0.14837,0.00206,3.49999,0.21099,0.99113,1.51526,0.00207,respi
BIE16_respi,249.52218,2023/09/06,12:31:56,91,40.93494,1010.4,26.249,2047.211,536.36,20.924,0.004,0.163,25.6,31552.42,46.9842,6.72727,-1.90011,-0.11104,0.99698,1.28661,2047.21136,0,5e-5,0,0.42717,-1.90011,-0.11104,0.99698,1.28661,6.3e-4,-9999,536.35659,4.5782,0.26755,0.99099,1.44099,643.65411,0.00249,17.12973,0.16647,0.00231,3.99869,0.23368,0.98971,1.56437,0.00247,respi
BIE16_respi,270.55051,2023/09/27,13:12:44,90.95,34.46071,1009.7,21.499,2001.449,516,11.153,0.014,0.407,24.4,30562.42,46.9842,6.72726,-1.37642,-0.08097,0.99605,1.3271,2001.44864,0,4e-5,0,0.19615,-1.37642,-0.08097,0.99605,1.3271,5.3e-4,-9999,516.00195,3.35371,0.19728,0.98598,1.61829,729.51128,9.2e-4,-22.44603,0.16097,0.00224,3.07405,0.18082,0.98584,1.69669,0.00225,respi
BIE16_respi,305.54517,2023/11/01,13:05:03,89.58,20.32557,1019.9,9.0015,2015.442,525.52,10.099,0.004,0.243,9.1,28912.42,46.9842,6.72719,-1.0234,-0.0618,0.99305,1.46095,2015.44182,0,3e-5,0,0.24849,-1.0234,-0.0618,0.99305,1.46095,5.4e-4,-9999,525.52023,1.08218,0.06535,0.9061,3.53915,1000000,0,0,1.55849,0.00218,1.08218,0.06535,0.9061,3.53915,0.00218,respi
BIE17_ne,151.40041,2023/05/31,09:36:35,90.56,32.22204,1006,20.99451,2107.913,503.72,15.54,0.035,0.465,21.32727,30232.42,46.9843,6.72964,-0.2986,-0.01788,0.92454,3.18146,2107.91318,0,1e-5,0,0.06793,-0.2986,-0.01788,0.92454,3.18146,5.3e-4,-9999,503.72105,19.09061,1.14323,0.99963,1.17472,1736.91748,0.00093000000000000005,-1.69741,0.15302,0.00213,17.83367,1.06796,0.99949,1.18355,0.00251,respi
BIE17_nee,173.65692,2023/06/22,15:45:58,90.65,35.0004,1007.6,26.49642,1986.573,484.41,18.997,0.02682,0.27536,26.23636,30232.42,46.9843,6.72966,-1.54381,-0.09442,0.99425,1.40024,1986.57273,0,5e-5,0,0.48234,-1.54381,-0.09442,0.99425,1.40024,7.4e-4,-9999,484.41295,15.16906,0.92775,0.99713,1.25064,975.3606,0.00189,-13.24344,0.31697,0.0044,12.93181,0.79092,0.99651,1.30992,0.00486,nee
BIE17_nee,206.41032,2023/07/25,09:50:52,89.77,22.8575,1001.8,14.19355,1968.939,442.4,14.347,0.029,0.255,16.8,31552.42,46.9843,6.72969,-6.8198,-0.38516,0.6285,1.18014,1968.93909,1963.22267,0.06738,-4.42845,0.03949,-0.09207,-0.0052,0.35897,13.90654,7.2e-4,-9999,442.39723,11.05716,0.62447,0.99847,1.2176,673.51733,0.0027,-2.96325,0.14919,0.00207,9.04351,0.51075,0.99697,1.30346,0.00292,nee
BIE17_nee,227.55336,2023/08/15,13:16:50,90.84,37.69602,1007.6,27.59742,1957.6,475.59,13.73,0.047,0.269,32.01818,32212.42,46.9843,6.72967,-0.83735,-0.04788,0.70325,1.56376,1957.59955,1955.48954,0.02269,-16.32703,0.03636,-0.12671,-0.00725,0.65673,7.58537,5.4e-4,-9999,475.59382,8.13195,0.465,0.99288,1.27595,563.8109,0.00527,-20.66147,0.18193,0.00253,5.01957,0.28703,0.98769,1.63477,0.00332,nee
BIE17_nee,249.54598,2023/09/06,13:06:13,90.96,42.16354,1004.8,29.32374,2072.664,490.82,21.285,0.059,0.353,29.8,30892.42,46.9843,6.72967,-0.365,-0.02203,0.94314,2.79481,2072.66409,0,1e-5,0,1.66521,-0.365,-0.02203,0.94314,2.79481,5.6e-4,-9999,490.82136,6.1743,0.37264,0.99765,1.25786,1000000,0,0,0.24145,0.00188,6.1743,0.37264,0.99765,1.25786,0.00188,nee
BIE17_nee,270.66344,2023/09/27,15:55:21,90.81,38.3676,1005.7,26.57657,1992.606,482.32,13.659,0.048,0.422,24.06364,30892.42,46.9844,6.72964,-0.30934,-0.01839,0.92614,3.14798,1992.60591,0,1e-5,0,0.05972,-0.30934,-0.01839,0.92614,3.14798,5.4e-4,-9999,482.31795,4.22614,0.25119,0.98796,1.48018,576.02735,0.00268,-8.13729,0.16739,0.00232,3.41423,0.20293,0.98648,1.67563,0.00246,nee
BIE17_nee,305.5737,2023/11/01,13:46:08,89.54,17.81988,1022.3,9.85006,2039.035,487.21,8.653,0.053,0.546,9.6,31222.42,46.9843,6.72966,-13.20744,-0.74004,0.10921,1.20537,2039.03455,2033.12856,0.1253,10.37723,0.1414,0.08761,0.00491,0.05985,41.11458,0.00202,-9999,487.20768,-0.6865,-0.03847,0.79533,5.39014,0,8e-5,0,0.14567,0.00202,-0.6865,-0.03847,0.79533,5.39014,0.00202,nee
BIE17_respi,151.39797,2023/05/31,09:33:05,90.56,31.5037,1005.5,20.30156,2074.097,492.27,14.212,0.034,0.465,21.7,30232.42,46.9843,6.72964,1.58386,0.09449,0.64892,1.27794,2074.09682,2076.2146,0.04462,0.1713,0.03632,0.09563,0.00571,0.48411,10.82487,6.1e-4,-9999,492.27114,22.44667,1.33916,0.9996,1.17215,933.93963,0.00303,-0.99505999999999994,0.16113,0.00225,18.02586,1.07542,0.99794,1.25287,0.00509,respi
BIE17_respi,173.65461,2023/06/22,15:42:38,90.65,34.73199,1006.8,26.22635,1992.865,491.49,18.739,0.026,0.277,24.4,30232.42,46.9843,6.72966,-1.2171400000000001,-0.07435,0.99233,1.47328,1992.865,0,4e-5,0,0.12584,-1.2171400000000001,-0.07435,0.99233,1.47328,6.8e-4,-9999,491.49141,12.22018,0.74652,0.9973,1.22706,667.66506,0.00424,4.6369,0.21937,0.00305,9.22247,0.56339,0.99401,1.40969,0.00454,respi
BIE17_respi,206.40737,2023/07/25,09:46:37,89.77,23.06675,1001.8,14.11413,1964.449,412.09,15.753,0.028,0.257,17.9,31552.42,46.9843,6.7297,0.83494,0.04721,0.93158,3.0447,1964.44864,1000000,0,0,2.30682,0.83494,0.04721,0.93158,3.0447,0.00133,-9999,412.08827,12.23355,0.6917,0.99808,1.25666,1000000,0,0,3.58986,0.00314,12.23355,0.6917,0.99808,1.25666,0.00314,respi
BIE17_respi,227.55093,2023/08/15,13:13:20,90.85,38.51465,1007.1,28.53491,1960.795,479.11,15.35,0.047,0.267,31.4,32212.42,46.9843,6.72967,-0.42091,-0.02418,0.95654,2.49336,1960.79455,0,1e-5,0,0.27838,-0.42091,-0.02418,0.95654,2.49336,5.3e-4,-9999,479.11114,11.47239,0.6591,0.99849,1.19979,740.49558,0.00252,-11.10791,0.1556,0.00216,9.3195,0.53541,0.99749,1.26607,0.00279,respi
BIE17_respi,249.54318,2023/09/06,13:02:11,90.96,41.71713,1005.1,29.36763,2074.595,474.14,20.929,0.055,0.35,31.7,30892.42,46.9843,6.72968,-0.48323,-0.02916,0.95724,2.47619,2074.595,0,1e-5,0,1.20972,-0.48323,-0.02916,0.95724,2.47619,6.4e-4,-9999,474.14023,6.29875,0.38005,0.99539,1.30524,753.4555,0.00136,-32.36552,0.16761,0.00233,5.46721,0.32988,0.99507,1.3641,0.00241,respi
BIE17_respi,270.66118,2023/09/27,15:52:06,90.81,38.14505,1006.1,26.96916,1993.685,483.53,13.994,0,0,25.4,30892.42,46.9843,6.72964,-0.25917,-0.01543,0.89207,3.78723,1993.685,0,1e-5,0,0.05095,-0.25917,-0.01543,0.89207,3.78723,5.6e-4,-9999,483.5315,6.16829,0.36723,0.99473,1.37983,1000000,0,0,0.19962,0.00277,6.16829,0.36723,0.99473,1.37983,0.00277,respi
BIE17_respi,305.57138,2023/11/01,13:42:47,89.53,18.00445,1022.5,9.80187,2023.478,487.5,8.486,0.054,0.544,9.6,31222.42,46.9843,6.72966,-0.00475,-2.7e-4,0.0024,211.61102,2023.47773,0,0,0,0.06251,-0.00475,-2.7e-4,0.0024,211.61102,5.6e-4,-9999,487.49577,1.01574,0.0569,0.80971,4.22586,501.45805,0.00408,16.51658,0.16629,0.00231,0.82352,0.04613,0.81638,5.05638,0.00227,respi
BIE18_ne,151.40909,2023/05/31,09:49:05,90.55,31.40161,1007.7,20.71777,2060.745,488.05,12.779,0.041,0.352,20.3,30892.42,46.9842,6.72902,-0.39428,-0.02302,0.94317,2.80978,2060.745,0,1e-5,0,0.1276,-0.39428,-0.02302,0.94317,2.80978,5.9e-4,-9999,488.052,7.63764,0.44598,0.98929,1.34095,558.65204,0.00632,-5.11375,0.21746,0.003,4.72017,0.27562,0.98315,1.79114,0.00376,respi
BIE18_nee,173.66483,2023/06/22,15:57:21,90.63,34.99482,1006.9,25.02522,1984.294,480.08,19.073,0.02,0.182,29.2,30892.42,46.9843,6.72905,-0.24776,-0.01476,0.82586,4.90029,1984.29409,0,1e-5,0,0.25009,-0.24776,-0.01476,0.82586,4.90029,7e-4,-9999,480.0775,7.78043,0.46351,0.99701,1.26368,771.41017,0.00159,-0.84686,0.16902,0.00235,6.93251,0.41299,0.99653,1.30952,0.00253,nee
BIE18_nee,206.41885,2023/07/25,10:03:09,89.74,23.4571,1002.4,15.04694,1972.959,463.93,14.463,0.02,0.201,16.7,30892.42,46.9842,6.72905,-0.11188,-0.00648,0.52877,9.85897,1972.95909,0,0,0,0.48749,-0.11188,-0.00648,0.52877,9.85897,6.3e-4,-9999,463.92586,14.99189,0.86776,0.9988,1.19969,638.54397,0.00497,3.96112,0.16129,0.00224,10.74963,0.62221,0.99481,1.39043,0.00466,nee
BIE18_nee,227.54076,2023/08/15,12:58:42,90.84,38.63133,1006.6,29.75493,1962.33,472.53,18.182,0.026,0.197,27.5,32212.42,46.9843,6.72906,0.08068,0.00467,0.36113,11.81256,1962.33045,1963.42134,0.00428,34.31768,0.03978,0.06926,0.00401,0.36246,13.72773,5.5e-4,-9999,472.53282,7.39986,0.42808,0.99755,1.24996,1084.74648,7e-4,-13.70475,0.14924,0.00206,6.96774,0.40309,0.99747,1.26518,0.00209,nee
BIE18_nee,249.53513,2023/09/06,12:50:35,90.96,41.12838,1004.4,30.3938,2057.617,498.45,20.397,0.067,0.365,29.2,31552.42,46.9843,6.72905,-0.07251,-0.0043,0.39774,10.38776,2057.61727,2056.70279,0.0047,21.86761,0.03193,-0.05901,-0.0035,0.40239,12.6893,4.4e-4,-9999,498.45241,3.33401,0.19751,0.99087,1.52256,1000000,0,0,0.70261,0.00197,3.33401,0.19751,0.99087,1.52256,0.00197,nee
BIE18_nee,270.65067,2023/09/27,15:36:58,90.82,37.19936,1006.9,27.43364,1981.491,478.08,9.273,0.027,0.377,24.7,31552.42,46.9843,6.72903,-0.0728,-0.00423,0.33635,14.61147,1981.49091,0,0,0,0.0467,-0.0728,-0.00423,0.33635,14.61147,6.2e-4,-9999,478.0775,2.5798,0.14988,0.97781,1.93683,3073.68901,6e-5,-7.12728,0.1678,0.00233,2.56804,0.14919,0.97781,1.94257,0.00233,nee
BIE18_nee,305.56079,2023/11/01,13:27:32,89.53,19.26523,1005.7,10.40401,2070.198,484.5,9.315,0.01041,0.15918,9.74091,31882.42,46.9843,6.729,-1.10732,-0.06093,0.83323,1.61739,2070.19818,2065.11276,0.01198,-50,0.04872,-0.27444,-0.0151,0.89288,3.77921,5.4e-4,-9999,484.50473,-2.51014,-0.13811,0.97609,2.00413,0,2.9e-4,0,0.17664,0.00224,-2.51014,-0.13811,0.97609,2.00413,0.00224,nee
BIE18_respi,151.41185,2023/05/31,09:53:04,90.56,32.35248,1008,22.11596,2060.557,491.44,13.635,0.042,0.352,21.3,30892.42,46.9842,6.72902,-0.53133,-0.0312,0.97629,1.98883,2060.55682,0,2e-5,0,0.03634,-0.53133,-0.0312,0.97629,1.98883,5e-4,-9999,491.43623,5.05883,0.29702,0.99416,1.40579,1000000,0,0,0.21501,0.00236,5.05883,0.29702,0.99416,1.40579,0.00236,respi
BIE18_respi,173.66244,2023/06/22,15:53:55,90.65,34.8017,1006.7,26.0119,1984.176,480.36,20.153,0.02,0.18368,28.83182,30892.42,46.9843,6.72905,-0.30384,-0.01818,0.70219,6.85153,1984.17636,0,1e-5,0,0.09215,-0.30384,-0.01818,0.70219,6.85153,0.00123,-9999,480.35841,6.23222,0.37286,0.99342,1.42355,2000.33096,2.5e-4,-2.09271,0.22255,0.00309,6.12005,0.36615,0.99341,1.4328,0.00309,respi
BIE18_respi,206.41569,2023/07/25,09:58:36,89.76,23.84433,1002.2,16.2795,1971.662,464.29,15.943,0,0,16,30892.42,46.9842,6.72905,0.17882,0.01041,0.68167,7.18223,1971.66182,1000000,0,0,0.51551,0.17882,0.01041,0.68167,7.18223,7.4e-4,-9999,464.29327,6.70439,0.39021,0.99702,1.28571,910.66823,8.7e-4,-2.35596,0.14921,0.00207,6.28358,0.36572,0.99689,1.30611,0.00212,respi
BIE18_respi,227.53846,2023/08/15,12:55:23,90.86,37.90993,1006.2,29.90519,1961.894,478.03,18.646,0.026,0.198,26.7,32212.42,46.9843,6.72905,-0.02981,-0.00173,0.09776,31.52377,1961.89364,0,0,0,0.10138,-0.02981,-0.00173,0.09776,31.52377,5.4e-4,-9999,478.02645,6.46047,0.37405,0.99648,1.30802,1000000,0,0,1.81456,0.00231,6.46047,0.37405,0.99648,1.30802,0.00231,respi
BIE18_respi,249.53293,2023/09/06,12:47:25,90.96,40.26195,1004.3,29.18045,2058.364,484.97,18.958,0.067,0.35177,25.76364,31552.42,46.9843,6.72905,-0.056,-0.0033,0.27697,16.79365,2058.36409,0,0,0,0.15879,-0.056,-0.0033,0.27697,16.79365,5.5e-4,-9999,484.97459,4.22812,0.24913,0.99029,1.45383,652.49226,0.00149,-27.54611,0.15892,0.00221,3.64831,0.21497,0.98991,1.55711,0.00225,respi
BIE18_respi,270.64606,2023/09/27,15:30:20,90.83,35.94782,1005.6,25.71872,1985.982,535.36,10.523,-0.00614,-0.08477,23.83182,31552.42,46.9843,6.72903,-0.06472,-0.00374,0.37277,13.50028,1985.98182,0,0,0,0.28418,-0.06472,-0.00374,0.37277,13.50028,5e-4,-9999,535.35877,2.55506,0.14776,0.98585,1.67203,658.15498,0.0012,48.3918,0.12861,0.00179,2.48627,0.14379,0.98563,1.70368,0.0018,respi
BIE18_respi,305.55808,2023/11/01,13:23:38,89.53,19.26895,1005.1,9.70907,2066.652,481.57,9.592,0.011,0.158,9.5,31882.42,46.9843,6.729,-0.14974,-0.00822,0.68124,7.18993,2066.65182,2068.6588,1,-50,0,-0.14974,-0.00822,0.68124,7.18993,5.8e-4,-9999,481.56936,1.50122,0.08242,0.91271,3.07284,533.43103,0.00159,-5.44849,0.16847,0.00234,1.32873,0.07295,0.9123,3.42338,0.00235,respi
BIE1_nee,151.44631,2023/05/31,10:42:41,90.54,33.21185,1009,23.4489,2060.485,505.62,18.881,0,0,20.7,31882.42,46.9853,6.72726,-0.12678,-0.00729,0.59328,8.66372,2060.48545,0,0,0,0.27189,-0.12678,-0.00729,0.59328,8.66372,6.3e-4,-9999,505.62255,-4.07099,-0.23395,0.81837,3.79036,488.05303,0.01332,38.56189,0.60786,0.00844,-3.0382,-0.1746,0.83529,4.74847,0.00804,nee
BIE1_nee,173.59856,2023/06/22,14:21:56,90.71,31.81952,1003.4,21.6642,2002.682,490.19,22.305,0.012,0.166,21.1,31552.42,46.9854,6.72726,-0.78194,-0.04521,0.98677,1.66805,2002.68227,0,2e-5,0,0.03959,-0.78194,-0.04521,0.98677,1.66805,5.4e-4,-9999,490.19218,7.60408,0.43961,0.99758,1.26583,1000000,0,0,0.51015,0.00225,7.60408,0.43961,0.99758,1.26583,0.00225,nee
BIE1_nee,206.45216,2023/07/25,10:51:07,89.77,23.80321,1001.7,14.17636,1979.403,480.86,15.588,0.011,0.17,16.7,30892.42,46.9854,6.72725,-2.57132,-0.14851,0.99649,1.23616,1979.40318,1948.7316,0.00484,-21.48012,0.04216,-1.64402,-0.09495,0.99311,1.45556,8.2e-4,-9999,480.85986,33.72819,1.94797,0.99927,1.18574,888.32064,0.00478,-19.47686,0.25623,0.00356,21.88875,1.26418,0.99539,1.36776,0.00892,nee
BIE1_nee,227.51294,2023/08/15,12:18:38,90.9,37.0304,1010,23.81041,1967.02,512.09,17.799,0.006,0.101,23.9,30892.42,46.9854,6.72726,-0.66473,-0.03927,0.98053,1.86257,1967.02,0,2e-5,0,0.92161,-0.66473,-0.03927,0.98053,1.86257,5.7e-4,-9999,512.09409,0.82695,0.04886,0.83125,4.81283,1000000,0,0,4.76394,0.00228,0.82695,0.04886,0.83125,4.81283,0.00228,nee
BIE1_nee,249.48355,2023/09/06,11:36:19,90.99,37.15626,1005.6,25.64062,2073.337,491.36,22.001,0.007,0.124,24.7,31882.42,46.9854,6.72726,-0.88357,-0.05106,0.98717,1.65159,2073.33682,0,2e-5,0,0.4273,-0.88357,-0.05106,0.98717,1.65159,6e-4,-9999,491.36177,6.41031,0.37044,0.97726,1.34094,532.77756,0.00894,-24.42698,0.18241,0.00253,2.75357,0.15912,0.96465,2.29589,0.00316,nee
BIE1_nee,270.63182,2023/09/27,15:09:49,90.82,36.26815,998.2,24.81338,1993.917,476.53,12.427,0.008,0.133,23.7,31222.42,46.9854,6.72726,-0.77558,-0.04528,0.98251,1.80271,1993.91682,0,2e-5,0,0.06159,-0.77558,-0.04528,0.98251,1.80271,6.3e-4,-9999,476.53109,8.27731,0.48329,0.99649,1.26351,689.39098,0.00227,-10.67225,0.17776,0.00247,6.87252,0.40127,0.99565,1.34372,0.00275,nee
BIE1_nee,305.50541,2023/11/01,12:07:47,89.62,19.00843,1001.5,8.76415,2018.381,493.21,9.537,0.027,0.46,8.4,31552.42,46.9854,6.72726,-0.33381,-0.01844,0.9508,2.63538,2018.38136,0,1e-5,0,0.08321,-0.33381,-0.01844,0.9508,2.63538,4.3e-4,-9999,493.20618,-0.03977,-0.0022,0.00816,114.34641,0,0,0,1.10811,0.00251,-0.03977,-0.0022,0.00816,114.34641,0.00251,nee
BIE1_respi,151.44855,2023/05/31,10:45:55,90.53,33.39697,1008.2,24.00875,2066.451,502.7,17.292,0.012,0.226,20.5,31882.42,46.9854,6.72725,-1.21253,-0.0697,0.94207,1.57809,2066.45136,2062.20529,0.01642,12.64868,0.05347,-0.49086,-0.02822,0.90993,3.49588,0.00093000000000000005,-9999,502.69955,25.22148,1.44988,0.99771,1.18348,620.87516,0.01227,7.09953,0.2476,0.00346,11.83317,0.68024,0.97549,2.02606,0.0113,respi
BIE1_respi,173.59615,2023/06/22,14:18:27,90.71,31.10711,1003.2,21.25683,2000.439,492.74,21.323,0.013,0.165,20.7,31552.42,46.9854,6.72726,-0.83665,-0.04825,0.98899,1.59323,2000.43909,0,2e-5,0,0.04353,-0.83665,-0.04825,0.98899,1.59323,5.3e-4,-9999,492.742,20.59414,1.18775,0.99964,1.17274,1910.49754,8.4e-4,-7.50444,0.15774,0.00219,19.2702,1.1114,0.99952,1.18015,0.00252,respi
BIE1_respi,206.45006,2023/07/25,10:48:05,89.76,23.54071,999,14.28505,1978.033,510.82,15.965,0.011,0.17,16.13636,30892.42,46.9854,6.72726,-1.29304,-0.07474,0.99361,1.43669,1978.03318,0,4e-5,0,0.30764,-1.29304,-0.07474,0.99361,1.43669,6.2e-4,-9999,510.81891,27.71177,1.60185,0.9994,1.19128,1214.49502,0.00228,-2.05972,0.24853,0.00345,23.43714,1.35476,0.99835,1.24514,0.00571,respi
BIE1_respi,227.51098,2023/08/15,12:15:49,90.91,37.33994,1010.4,23.4817,1964.83,481.77,17.562,-0.00164,-0.02836,24.2,30892.42,46.9854,6.72726,-0.93628,-0.05523,0.9905,1.53795,1964.83045,0,3e-5,0,0.73954,-0.93628,-0.05523,0.9905,1.53795,5.6e-4,-9999,481.77177,25.78993,1.52145,0.99966,1.16558,1228.86227,0.00204,-29.23869,0.17124,0.00238,21.00704,1.23929,0.99896,1.20243,0.00414,respi
BIE1_respi,249.48152,2023/09/06,11:33:23,91,36.65911,1005.5,25.04949,2073.699,485.39,22.484,0.007,0.122,24.7,31882.42,46.9854,6.72726,-1.1928,-0.06882,0.99098,1.51958,2073.69864,0,3e-5,0,0.7655,-1.1928,-0.06882,0.99098,1.51958,6.8e-4,-9999,485.38877,27.89585,1.6095,0.99968,1.1635,1158.85768,0.00239,-13.83221,0.17607,0.00245,22.75411,1.31284,0.99878,1.20914,0.00476,respi
BIE1_respi,270.62959,2023/09/27,15:06:37,90.81,36.30729,998.4,24.4929,1999.613,482.04,11.826,0.008,0.136,23.9,31222.42,46.9854,6.72726,-0.75028,-0.04374,0.98239,1.80636,1999.61273,0,2e-5,0,0.83464,-0.75028,-0.04374,0.98239,1.80636,6.1e-4,-9999,482.04141,19.21711,1.12026,0.99951,1.17626,2375.33363,5.9e-4,-13.64931,0.17603,0.00244,18.26888,1.06498,0.99945,1.18102,0.00258,respi
BIE1_respi,305.50285,2023/11/01,12:04:06,89.61,18.72661,1000.8,8.58586,2015.118,495.54,8.99,0.027,0.459,8.5,31552.42,46.9854,6.72725,-0.27492,-0.01517,0.88435,3.92985,2015.11818,0,1e-5,0,0.11984,-0.27492,-0.01517,0.88435,3.92985,5.7e-4,-9999,495.54136,6.72118,0.37082,0.99641,1.30066,776.27699,0.00132,-12.20101,0.14869,0.00207,6.0165,0.33194,0.99611,1.34206,0.00215,respi
BIE2_nee,151.43926,2023/05/31,10:32:32,90.53,32.76421,1007.2,21.86528,2061.602,504,15.76,0.017,0.217,20.5,32872.42,46.9857,6.72787,-2.03598,-0.11252,0.99782,1.2571,2061.60227,0,5e-5,0,0.69693,-2.03598,-0.11252,0.99782,1.2571,5.5e-4,-9999,504.00477,-11.05199,-0.61079,0.99821,1.2403,0,0.00121,0,3.77704,0.00268,-11.05199,-0.61079,0.99821,1.2403,0.00268,nee
BIE2_nee,173.59038,2023/06/22,14:10:09,90.74,30.43713,1006.8,20.48298,1975.564,492.78,21.585,0.014,0.137,21.3,32212.42,46.9858,6.72788,-2.0979,-0.11819,0.99728000000000006,1.27833,1975.56364,0,6e-5,0,0.16501,-2.0979,-0.11819,0.99728000000000006,1.27833,6.4e-4,-9999,492.78314,19.74746,1.11252,0.99932,1.18088,1032.41635,0.00206,-3.39816,0.18533,0.00257,16.91899,0.95317,0.99849,1.22621,0.00384,nee
BIE2_nee,206.44444,2023/07/25,10:40:00,89.76,23.16902,1006.7,13.8005,1980.933,476.51,16.453,0.018,0.14555,15.7,31552.42,46.9858,6.72788,-3.29194,-0.18608,0.99793,1.26324,1980.93273,0,9e-5,0,1.59591,-3.29194,-0.18608,0.99793,1.26324,8.8e-4,-9999,476.51136,17.37296,0.98202,0.89119,1.20166,501.71725,0.03896,-5.83503,0.18829,0.00262,1.13133,0.06395,0.69961,6.89509,0.00435,nee
BIE2_nee,227.51904,2023/08/15,12:27:25,90.89,37.68845,1009,26.41175,1962.853,479.17,20.014,0.01,0.111,23.7,31552.42,46.9858,6.72788,-1.92695,-0.11271,0.99566,1.34215,1962.85318,0,6e-5,0,1.25237,-1.92695,-0.11271,0.99566,1.34215,7.7e-4,-9999,479.16523,-1.69363,-0.09906,0.87823,4.03016,0,2.1e-4,0,6.41268,0.00383,-1.69363,-0.09906,0.87823,4.03016,0.00383,nee
BIE2_nee,249.49096,2023/09/06,11:46:59,90.99,37.72907,1005.5,25.39757,2070.591,483.55,21.176,0.007,0.106,24.9,32212.42,46.9858,6.72789,-3.41453,-0.19498,0.99782,1.19411,2070.59091,2031.4772,0.00499,-20.20512,0.04332,-2.16852,-0.12383,0.99421,1.39907,9.8e-4,-9999,483.54641,11.98643,0.68447,0.99204,1.19534,540.69786,0.01198,-22.30377,0.15438,0.00214,4.00164,0.22851,0.97157,2.11587,0.00405,nee
BIE2_nee,270.62446,2023/09/27,14:59:13,90.8,36.30349,1005.5,25.82614,2013.295,477.34,14.128,0.008,0.124,23.9,31552.42,46.9858,6.7279,-1.40181,-0.08142,0.99585,1.33531,2013.29455,0,4e-5,0,0.10822,-1.40181,-0.08142,0.99585,1.33531,5.4e-4,-9999,477.34382,9.50567,0.55213,0.99808,1.23837,2522.19295,2.7e-4,-9.04588,0.17705,0.00246,9.30005,0.54018,0.99807,1.24244,0.00247,nee
BIE2_nee,305.51314,2023/11/01,12:18:55,89.6,17.64392,1014.4,8.52305,2014.99,495.72,9.042,0.034,0.478,8,33532.42,46.9858,6.72786,-6.5743,-0.3413,0.99775,1.19179,2014.99,1988.14589,0.01271,-4.45106,0.04807,-2.57961,-0.13392,0.97473,2.04191,0.00224,-9999,495.71609,13.91473,0.72238,0.9915,1.25352,563.93655,0.01059,-5.9076,0.22625,0.00314,6.21867,0.32284,0.96437,2.31407,0.00643,nee
BIE2_respi,151.43662,2023/05/31,10:28:44,90.51,31.88988,1007.1,20.84559,2062.625,509.34,14.576,0.01227,0.14659,20.43636,32872.42,46.9857,6.72788,-2.05708,-0.11318,0.99803,1.24876,2062.62455,0,5e-5,0,0.56973,-2.05708,-0.11318,0.99803,1.24876,5.2e-4,-9999,509.34109,20.14153,1.10823,0.99965,1.17568,3856.17702,3.3e-4,-19.00314,0.15026,0.00209,19.54419,1.07536,0.99963,1.17741,0.00214,respi
BIE2_respi,173.58816,2023/06/22,14:06:57,90.75,30.28722,1007.7,20.46557,1974.102,490.5,20.241,0.015,0.138,21.9,32212.42,46.9858,6.72788,-2.21933,-0.12484,0.99743,1.272,1974.10227,0,6e-5,0,0.33111,-2.21933,-0.12484,0.99743,1.272,6.6e-4,-9999,490.49859,28.0714,1.5791,0.99982,1.16533,2670.10649,7.2e-4,-5.12437,0.14914,0.00207,26.54902,1.49347,0.99973,1.17022,0.00253,respi
BIE2_respi,206.44189,2023/07/25,10:36:19,89.77,22.54093,1004.9,13.37525,1981.45,478.51,15.514,0.017,0.149,15.2,31552.42,46.9858,6.72788,-5.33074,-0.30055,0.99904,1.2152,1981.44955,0,1.5e-4,0,2.11891,-5.33074,-0.30055,0.99904,1.2152,9.7e-4,-9999,478.51264,22.57191,1.27262,0.99967,1.18384,1569.80585,0.00117,-18.26391,0.1544,0.00214,20.32337,1.14585,0.99944,1.1972,0.00281,respi
BIE2_respi,227.51707,2023/08/15,12:24:35,90.89,37.14752,1009.1,25.71918,1963.562,487.49,18.232,0.01,0.108,23.7,31552.42,46.9858,6.72788,-4.72969,-0.27551,0.99613,1.20417,1963.56227,1928.4375,0.00784,-11.74336,0.06784,-2.50183,-0.14573,0.99573,1.33941,9.9e-4,-9999,487.49036,22.01965,1.28266,0.99953,1.17016,1147.12024,0.00194,-15.73682,0.17571,0.00244,18.58476,1.08257,0.9989,1.20461,0.0037200000000000002,respi
BIE2_respi,249.4889,2023/09/06,11:44:01,90.99,37.75151,1005.9,25.36669,2069.766,485.73,21.737,0.008,0.104,24.9,32212.42,46.9858,6.72789,-2.41899,-0.13819,0.99785,1.25005,2069.76591,0,7e-5,0,1.35013,-2.41899,-0.13819,0.99785,1.25005,6.7e-4,-9999,485.7315,21.86821,1.24925,0.99961,1.16764,1432.91203,0.00132,-19.38288,0.16294,0.00226,19.39374,1.10789,0.99931,1.18525,0.00302,respi
BIE2_respi,270.62184,2023/09/27,14:55:27,90.8,35.8178,1003.2,25.33974,2016.432,486.53,13.087,0.008,0.12577,24.2,31552.42,46.9858,6.72789,-1.73878,-0.10072,0.99708,1.28466,2016.43182,0,5e-5,0,0.19042,-1.73878,-0.10072,0.99708,1.28466,5.7e-4,-9999,486.52932,23.07701,1.33674,0.99968,1.16681,1277.20988,0.00169,-10.28413,0.15524,0.00216,20.09621,1.16407,0.9992,1.19244,0.00342,respi
BIE2_respi,305.51072,2023/11/01,12:15:26,89.59,18.21544,1014.5,8.35294,2012.568,498.34,8.738,0.034,0.478,8.2,33532.42,46.9858,6.72786,-12.02236,-0.62361,0.99563,1.17958,2012.56818,1991.98847,0.0303,-2.00551,0.04261,-1.55795,-0.08081,0.87677,4.06147,0.00314,-9999,498.34309,28.18088,1.46177,0.99812,1.18749,609.77829,0.01312,-7.70272,0.17531,0.00243,10.29423,0.53397,0.97292,2.0916,0.00924,respi
BIE3_nee,151.42183,2023/05/31,10:07:26,90.56,33.45436,1007.7,22.52757,2062.44,495.74,19.677,0.045,0.356,22.1,33862.42,46.9847,6.72823,-0.67528,-0.03644,0.97438,2.06527,2062.44045,0,2e-5,0,0.08147,-0.67528,-0.03644,0.97438,2.06527,6.2e-4,-9999,495.73559,2.4969,0.13476,0.97239,1.99689,618.52961,0.0011,-9.59369,0.1562,0.00219,2.28542,0.12334,0.97219,2.12666,0.0022,nee
BIE3_nee,173.55758,2023/06/22,13:22:55,90.78,32.00709,1004.8,21.85078,2002.685,493.89,18.158,0.026,0.25064,20.54545,33862.42,46.9847,6.7282,-3.20885,-0.17209,0.99579,1.23825,2002.68455,1971.96429,0.0056,-5.50596,0.05464,-2.09351,-0.11228,0.9912,1.51454,0.0011,-9999,493.89177,13.1821,0.70696,0.99234,1.28904,601.44437,0.00657,-1.87234,0.28922,0.00402,8.19082,0.43928,0.98555,1.70736,0.00552,nee
BIE3_nee,206.42752,2023/07/25,10:15:38,89.76,24.01734,1000.9,14.7742,1975.368,470.47,14.711,0.081,0.322,16.2,30892.42,46.9847,6.72825,-2.38015,-0.13763,0.97646,1.28218,1975.36818,1966.75265,0.01598,-3.51899,0.05166,-0.76842,-0.04443,0.97086,2.14461,8e-4,-9999,470.474,14.09268,0.81493,0.99799,1.20735,594.44804,0.00657,-0.71649,0.17158,0.00238,8.82769,0.51047,0.99141,1.51798,0.00493,nee
BIE3_nee,227.53302,2023/08/15,12:47:33,90.88,37.27497,1008.1,26.64537,1969.788,497.3,18.31,0.005,0.071,25.1,30892.42,46.9847,6.72825,-1.75886,-0.10498,0.99615,1.32204,1969.78818,0,5e-5,0,0.88308,-1.75886,-0.10498,0.99615,1.32204,6.8e-4,-9999,497.29964,8.38064,0.50021,0.99761,1.25866,5160.71174,1.1e-4,-27.45761,0.1807,0.00251,8.29167,0.4949,0.99761,1.26089,0.00251,nee
BIE3_nee,249.50689,2023/09/06,12:09:55,90.96,38.61166,1001.9,26.87627,2071.358,475.13,21.998,0.008,0.087,26.4,32212.42,46.9847,6.72823,-2.20848,-0.12687,0.99659,1.2474,2071.35818,2021.00231,0.00252,-25.74385,0.04341,-1.72887,-0.09932,0.99564,1.34205,6.8e-4,-9999,475.13241,12.55362,0.72118,0.99831,1.18673,646.07063,0.00422,-29.62209,0.14515,0.00202,8.20942,0.47162,0.99565,1.34163,0.00323,nee
BIE3_nee,270.60912,2023/09/27,14:37:08,90.82,33.99005,1003,25.6977,1990.805,484.27,14.921,0.008,0.128,21.1,34852.42,46.9847,6.72823,-1.52907,-0.08041,0.99249,1.46588,1990.805,0,4e-5,0,0.50258,-1.52907,-0.08041,0.99249,1.46588,7.3e-4,-9999,484.27218,3.60163,0.18941,0.9751,2.02012,1000000,0,0,5.0828,0.00314,3.60163,0.18941,0.9751,2.02012,0.00314,nee
BIE3_nee,305.53156,2023/11/01,12:45:27,89.56,17.46299,1010.8,9.29698,2018.082,494.88,9.732,0.024,0.37927,7.97273,33532.42,46.9847,6.7282,-2.58651,-0.13479,0.99487,1.24701,2018.08182,2001.43639,0.0081,-2.58065,0.04033,-1.44096,-0.07509,0.99089,1.53964,7.5e-4,-9999,494.87836,8.13066,0.42371,0.96678,1.30575,523.48145,0.01481,-14.69006,0.17329,0.00241,2.36369,0.12318,0.9356,2.96373,0.00335,nee
BIE3_respi,151.41955,2023/05/31,10:04:09,90.55,32.7375,1007.5,21.07061,2063.148,500.41,16.6,0.044,0.361,22.8,33862.42,46.9847,6.72822,-0.76457,-0.04093,0.98516,1.72215,2063.14818,0,2e-5,0,0.06709,-0.76457,-0.04093,0.98516,1.72215,5.2e-4,-9999,500.40736,14.80443,0.79263,0.99917,1.19426,1565.29462,7.4e-4,-0.09888,0.16216,0.00225,14.03268,0.75131,0.99907,1.20222,0.00237,respi
BIE3_respi,173.55522,2023/06/22,13:19:31,90.78,31.69319,1003.3,21.29762,1999.725,494.57,17.856,0.025,0.255,20.9,33862.42,46.9847,6.7282,-1.78201,-0.09536,0.99547,1.35234,1999.72545,0,5e-5,0,0.88813,-1.78201,-0.09536,0.99547,1.35234,6.7e-4,-9999,494.56632,13.3176,0.71266,0.99811,1.24216,1000000,0,0,3.14849,0.00322,13.3176,0.71266,0.99811,1.24216,0.00322,respi
BIE3_respi,206.42513,2023/07/25,10:12:11,89.74,23.65764,1000.7,14.56151,1973.835,481.44,14.3,0.082,0.318,16,30892.42,46.9847,6.72825,-3.34,-0.19295,0.97567,1.29562,1973.83545,1957.24087,0.01163,-24.8241,0.07683,-1.1186,-0.06462,0.95938,2.43416,0.00138,-9999,481.437,18.0028,1.04003,0.99273,1.28976,665.07393,0.00566,-17.69739,0.40371,0.00561,10.91065,0.63031,0.98748,1.65401,0.00736,respi
BIE3_respi,227.53087,2023/08/15,12:44:27,90.9,36.71449,1008.3,25.97356,1969.775,477.97,19.567,0.005,0.07,24.9,30892.42,46.9847,6.7282400000000004,-1.62529,-0.09689,0.99622,1.31932,1969.775,0,5e-5,0,0.32966,-1.62529,-0.09689,0.99622,1.31932,6.2e-4,-9999,477.97032,20.39496,1.21587,0.99969,1.16687,2144.95561,7.3e-4,-24.69365,0.14931,0.00207,19.00833,1.13321,0.9996,1.17276,0.00235,respi
BIE3_respi,249.50465,2023/09/06,12:06:42,90.98,38.36675,1001.5,26.336,2070.772,487.6,23.435,0,0,26.2,32212.42,46.9847,6.72823,-1.48858,-0.08548,0.99434,1.39382,2070.77182,0,4e-5,0,0.93176,-1.48858,-0.08548,0.99434,1.39382,6.7e-4,-9999,487.60173,23.30581,1.33824,0.99953,1.1649,860.06346,0.00359,-16.63671,0.15756,0.00219,16.99894,0.97609,0.99761,1.26016,0.00496,respi
BIE3_respi,270.60529,2023/09/27,14:31:37,90.83,32.01713,1001.2,23.55459,1990.545,474.4,11.618,0.009,0.127,19.9,34852.42,46.9847,6.72823,-1.68063,-0.08745,0.97328,2.07068,1990.545,0,4e-5,0,0.49075,-1.68063,-0.08745,0.97328,2.07068,0.0015,-9999,474.39564,15.64608,0.81412,0.97577,2.00148,1000000,0,0,6.95601,0.0133,15.64608,0.81412,0.97577,2.00148,0.0133,respi
BIE3_respi,305.52722,2023/11/01,12:39:12,89.58,16.28863,1011.6,8.21304,2043.151,494.57,9.255,0.024,0.372,8,33532.42,46.9847,6.72819,-3.76247,-0.19519,0.99584,1.22833,2043.15091,2020.17629,0.0085,-5.41175,0.04989,-1.98072,-0.10275,0.98482,1.7436,0.00132,-9999,494.56682,8.17554,0.42412,0.99667,1.31981,1000000,0,0,4.89005,0.00254,8.17554,0.42412,0.99667,1.31981,0.00254,respi
BIE4_nee,151.42894,2023/05/31,10:17:40,90.55,32.12271,1004.6,20.76212,2059.929,495.29,14.899,0.01,0.184,21.3,32212.42,46.9851,6.72886,-8.27819,-0.46465,0.80927,1.26114,2060.14726,2050.94635,0.0505,10.64323,0.16262,-0.62477,-0.03507,0.52876,10.3654,0.00361,-9999,495.0297,-4.57693,-0.2569,0.97249,2.17118,0,5.2e-4,0,1.41812,0.00471,-4.57693,-0.2569,0.97249,2.17118,0.00471,nee
BIE4_nee,173.56589,2023/06/22,13:34:53,90.74,32.82044,1009.8,22.51493,1999.597,499.02,20.602,0.004,0.06745,20.9,32212.42,46.9851,6.72886,-1.76082,-0.09979,0.98025,1.39967,1999.59682,1990.16244,0.01058,9.30707,0.05656,-0.93445,-0.05295,0.96491,2.29122,0.00105,-9999,499.02314,11.96118,0.67783,0.9892,1.24468,538.69235,0.01709,16.56328,0.2236,0.00311,4.94434,0.28019,0.94564,2.74227,0.00697,nee
BIE4_nee,206.43505,2023/07/25,10:26:28,89.77,23.65476,997.7,13.40501,1977.622,479.65,15.197,0.013,0.12,15.7,29572.42,46.9851,6.72889,-2.3086,-0.13884,0.99481,1.24659,1977.62227,1960.20075,0.00797,-1.48418,0.04253,-1.30945,-0.07875,0.99137,1.51954,7.6e-4,-9999,479.65041,13.49784,0.81178,0.99846,1.20116,611.04026,0.00618,-0.13586,0.15442,0.00214,8.72358,0.52465,0.99281,1.46688,0.00463,nee
BIE4_nee,227.52671,2023/08/15,12:38:28,90.92,36.82389,1008.3,25.65603,1964.474,478.87,20.274,0.018,0.151,24.9,29572.42,46.9851,6.72887,-0.85312,-0.0531,0.98944,1.57488,1964.47364,0,3e-5,0,0.04161,-0.85312,-0.0531,0.98944,1.57488,5.7e-4,-9999,478.87214,4.39746,0.27372,0.99048,1.36269,551.19057,0.00378,-19.35717,0.14274,0.00198,3.12907,0.19477,0.98841,1.6104,0.00219,nee
BIE4_nee,249.49892,2023/09/06,11:58:27,90.99,37.91571,1002.5,26.93719,2067.844,486.92,21.163,0.004,0.06282,25.4,30892.42,46.9851,6.72888,-0.86868,-0.05199,0.98876,1.59734,2067.84409,0,3e-5,0,0.27038,-0.86868,-0.05199,0.98876,1.59734,5.7e-4,-9999,486.92227,5.24874,0.31412,0.98688,1.33247,525.70891,0.0081,-2.45266,0.15105,0.0021,2.91812,0.17464,0.97718,1.95983,0.00277,nee
BIE4_nee,270.6159,2023/09/27,14:46:54,90.84,35.55786,1000.8,25.75509,2029.608,479.63,13.514,0.005,0.069,23,30562.42,46.9851,6.72888,-0.74619,-0.04469,0.98485,1.72876,2029.60818,0,2e-5,0,0.05817,-0.74619,-0.04469,0.98485,1.72876,5.7e-4,-9999,479.62841,7.03886,0.42153,0.99629,1.27273,664.39793,0.00228,-2.5915,0.16224,0.00225,5.94362,0.35594,0.99524,1.35938,0.00255,nee
BIE4_nee,305.52212,2023/11/01,12:31:51,89.59,16.09832,1013.2,8.27321,2041.563,491.05,9.4,0.011,0.252,8,30892.42,46.9851,6.72882,-1.08946,-0.06136,0.95609,2.51402,2041.56318,0,3e-5,0,0.22227,-1.08946,-0.06136,0.95609,2.51402,0.00136,-9999,491.04514,-1.12947,-0.06361,0.5359,9.72116,523.95415,1,-50,0,0.00614,-1.12947,-0.06361,0.5359,9.72116,0.00614,nee
BIE4_respi,151.43116,2023/05/31,10:20:52,90.55,31.9626,1008.1,20.19362,2061.602,496.3,15.522,0.01,0.182,20.5,32212.42,46.9851,6.72887,-1.2675399999999999,-0.07105,0.98668,1.67278,2061.60227,0,3e-5,0,0.06959,-1.2675399999999999,-0.07105,0.98668,1.67278,8.6e-4,-9999,496.30318,19.31765,1.08284,0.99837,1.19619,691.30562,0.00555,4.69682,0.22681,0.00315,13.39704,0.75096,0.99354,1.43004,0.00628,respi
BIE4_respi,206.43238,2023/07/25,10:22:38,89.78,23.75206,995.5,13.44149,1977.925,470.76,14.128,0.012,0.126,15.7,29572.42,46.9851,6.72891,-0.57528,-0.03456,0.96744,2.23416,1977.92545,0,2e-5,0,0.88139,-0.57528,-0.03456,0.96744,2.23416,6.6e-4,-9999,470.76236,13.39664,0.80486,0.99839,1.21252,702.56207,0.00347,-11.95737,0.1809,0.00251,10.03471,0.60288,0.99615,1.33718,0.00389,respi
BIE4_respi,227.5247,2023/08/15,12:35:34,90.92,37.05803,1008.4,25.08258,1964.809,481.84,18.458,0.019,0.148,24.9,29572.42,46.9851,6.72887,-1.07981,-0.06696,0.99361,1.42261,1964.80864,0,3e-5,0,0.21081,-1.07981,-0.06696,0.99361,1.42261,5.6e-4,-9999,481.84127,15.61432,0.96822,0.99933,1.18156,1721.48621,7.8e-4,-12.55908,0.17562,0.00244,14.61839,0.90646,0.99923,1.18992,0.00262,respi
BIE4_respi,249.49661,2023/09/06,11:55:07,90.98,37.59584,1002,26.293,2070.895,482.65,21.099,0.004,0.057,25.1,30892.42,46.9851,6.72888,-0.9777,-0.05839,0.9911,1.51513,2070.89455,0,3e-5,0,0.2547,-0.9777,-0.05839,0.9911,1.51513,5.7e-4,-9999,482.64955,14.14267,0.84464,0.99909,1.18847,1273.70616,0.00107,-9.3493,0.17438,0.00242,12.9697,0.77459,0.9989,1.20372,0.00267,respi
BIE4_respi,270.61365,2023/09/27,14:43:39,90.83,34.83048,999.3,25.54011,2036.547,482.26,14.143,0.004,0.075,22.8,30562.42,46.9851,6.72888,-0.95083,-0.05694,0.99255,1.4633100000000001,2036.54727,0,3e-5,0,0.23423,-0.95083,-0.05694,0.99255,1.4633100000000001,5.1e-4,-9999,482.25664,13.9322,0.83434,0.99923,1.19069,1000000,0,0,0.40254,0.00241,13.9322,0.83434,0.99923,1.19069,0.00241,respi
BIE4_respi,305.51976,2023/11/01,12:28:27,89.59,16.05236,1010.4,8.12429,2030.282,493.29,8.98,-0.00227,-0.05682,8,30892.42,46.9851,6.72884,-0.36372,-0.02047,0.83059,4.82853,2030.28227,0,1e-5,0,3.70312,-0.36372,-0.02047,0.83059,4.82853,9.6e-4,-9999,493.28677,23.65752,1.33119,0.99533,1.19057,584.83166,0.01454,-24.14395,0.1792,0.00249,6.13176,0.34503,0.96601,2.2729,0.00671,respi
BIE4_respi,173.56352,2023/06/22,13:31:28,90.76,31.90605,1008.8,21.7613,2001.734,487.82,19.093,0.004,0.068,20.9,32212.42,46.9851,6.72886,-1.29633,-0.07315,0.99027,1.54775,2001.73409,0,4e-5,0,0.24889,-1.29633,-0.07315,0.99027,1.54775,7.5e-4,-9999,487.82327,18.63451,1.05149,0.99944,1.17492,897.87065,0.00256,-2.43136,0.15336,0.00213,15.41761,0.86997,0.99818,1.23927,0.00386,respi
BIE5_nee,151.56575,2023/05/31,13:34:41,90.52,35.88199,1007.1,24.01887,2050.698,484.87,20.151,0.01,0.202,24.9,32872.42,46.9832,6.72637,-1.68944,-0.09449,0.99621,1.32434,2050.69818,0,5e-5,0,0.15648,-1.68944,-0.09449,0.99621,1.32434,6e-4,-9999,484.86664,-0.34106,-0.01908,0.50195,10.39403,0,4e-5,0,1.1662,0.00197,-0.34106,-0.01908,0.50195,10.39403,0.00197,nee
BIE5_nee,173.48999,2023/06/22,11:45:35,90.67,35.65595,1012.4,24.05069,2019.38,501.18,22.039,0.01,0.182,22.1,36172.42,46.9832,6.7264,-1.84077,-0.0936,0.99584,1.33759,2019.38045,0,5e-5,0,0.88579,-1.84077,-0.0936,0.99584,1.33759,6.3e-4,-9999,501.18409,11.16074,0.56748,0.99796,1.23167,1027.96192,0.00108,-29.25762,0.17178,0.00239,10.00999,0.50897,0.99776,1.25753,0.0025,nee
BIE5_nee,206.50375,2023/07/25,12:05:24,89.8,27.7582,1009.2,16.93726,1977.538,487.25,18.318,0.006,0.117,16.8,32212.42,46.9833,6.72636,-1.51572,-0.08496,0.99416,1.41441,1977.53773,0,4e-5,0,0.20823,-1.51572,-0.08496,0.99416,1.41441,6.8e-4,-9999,487.25395,4.18498,0.23458,0.99032,1.5559,1000000,0,0,0.9588,0.00241,4.18498,0.23458,0.99032,1.5559,0.00241,nee
BIE5_nee,227.43005,2023/08/15,10:19:16,90.9,34.21154,1001,23.59378,1974.176,500.03,21.642,0.004,0.078,21.1,32212.42,46.9833,6.72635,-1.38885,-0.07894,0.99358,1.42431,1974.17636,0,4e-5,0,0.34113,-1.38885,-0.07894,0.99358,1.42431,6.6e-4,-9999,500.03377,2.37414,0.13494,0.94302,2.79849,1000000,0,0,4.09107,0.00344,2.37414,0.13494,0.94302,2.79849,0.00344,nee
BIE5_nee,249.41135,2023/09/06,09:52:21,91,33.25577,1005,21.45102,2248.374,523.49,21.279,0.005,0.089,17.3,33532.42,46.9832,6.72637,-1.60762,-0.08702,0.99614,1.321,2248.37409,0,4e-5,0,0.25242,-1.60762,-0.08702,0.99614,1.321,5.6e-4,-9999,523.48532,-0.56203,-0.03042,0.68368,7.11014,524.29685,1,-50,0,0.00213,-0.56203,-0.03042,0.68368,7.11014,0.00213,nee
BIE5_nee,270.45979,2023/09/27,11:02:06,90.99,31.9645,1009.4,19.56517,2327.456,536.94,13.82,0.004,0.115,13.7,33202.42,46.9833,6.72638,-1.67245,-0.09016,0.99594,1.33168,2327.45636,0,4e-5,0,0.48998,-1.67245,-0.09016,0.99594,1.33168,6e-4,-9999,536.94282,-3.3142,-0.17867,0.9893,1.58036,0,3.3e-4,0,4.74395,0.00193,-3.3142,-0.17867,0.9893,1.58036,0.00193,nee
BIE5_nee,305.42593,2023/11/01,10:13:20,89.72,17.74423,1002.5,3.30436,2514.643,543.93,8.098,0.005,0.142,4.1,32212.42,46.9832,6.72639,-1.97878,-0.10472,0.99782,1.2724,2514.64273,0,4e-5,0,0.03718,-1.97878,-0.10472,0.99782,1.2724,5.1e-4,-9999,543.92605,2.20602,0.11674,0.95532,2.03503,568.16206,0.00482,8.2076,0.13959,0.00194,1.62865,0.08619,0.94951,2.6648,0.00206,nee
BIE5_respi,151.5635,2023/05/31,13:31:26,90.52,36.1199,1007.4,24.23316,2053.101,507.73,21.18,0.01,0.201,24.4,32872.42,46.9832,6.72636,-1.77486,-0.09944,0.99604,1.33092,2053.10136,0,5e-5,0,0.57629,-1.77486,-0.09944,0.99604,1.33092,6.5e-4,-9999,507.7285,18.67552,1.0463,0.99936,1.18317,1218.87625,0.00147,0.98428,0.17808,0.00247,16.83598,0.94324,0.99898,1.20584,0.00313,respi
BIE5_respi,206.50097,2023/07/25,12:01:24,89.78,27.14414,1009.3,17.28141,1976.153,509.02,19.134,0.006,0.115,16.3,32212.42,46.9833,6.72636,-1.33533,-0.07502,0.993,1.4585,1976.15273,0,4e-5,0,0.12817,-1.33533,-0.07502,0.993,1.4585,6.5e-4,-9999,509.02432,8.55218,0.48044,0.99851,1.23704,1000000,0,0,0.25819,0.00193,8.55218,0.48044,0.99851,1.23704,0.00193,respi
BIE5_respi,227.42788,2023/08/15,10:16:09,90.89,33.17469,1000.3,23.42455,1981.753,494.74,22.226,0.005,0.074,21.1,32212.42,46.9833,6.72634,-1.20874,-0.06871,0.99212,1.47931,1981.75273,0,3e-5,0,0.12521,-1.20874,-0.06871,0.99212,1.47931,6.3e-4,-9999,494.73945,8.1376,0.46258,0.99772,1.25725,1000000,0,0,0.72378,0.00229,8.1376,0.46258,0.99772,1.25725,0.00229,respi
BIE5_respi,249.4088,2023/09/06,09:48:40,90.99,32.32445,1004.6,20.69828,2311.307,547.06,21.035,0.004,0.091,17.5,33532.42,46.9832,6.72637,-2.09859,-0.11328,0.99643,1.31121,2311.30682,0,5e-5,0,1.76929,-2.09859,-0.11328,0.99643,1.31121,7e-4,-9999,547.06041,8.24049,0.44483,0.99679,1.28018,1139.12764,7.5e-4,-13.56356,0.17679,0.00246,7.72836,0.41719,0.9967,1.30027,0.00249,respi
BIE5_respi,270.4578,2023/09/27,10:59:14,90.99,31.88653,1009.9,19.66603,2337.458,558.9,13.939,0.004,0.117,13.4,33202.42,46.9833,6.72638,-2.4149,-0.13025,0.99745,1.26987,2337.45818,0,6e-5,0,0.60461,-2.4149,-0.13025,0.99745,1.26987,6.9e-4,-9999,558.89877,6.45908,0.34838,0.99527,1.36081,1000000,0,0,12.40512,0.0025,6.45908,0.34838,0.99527,1.36081,0.0025,respi
BIE5_respi,305.42368,2023/11/01,10:10:06,89.72,17.73163,1000.9,3.23499,2533.07,537.23,8.244,0.005,0.137,4.6,32212.42,46.9833,6.72639,-1.90351,-0.10072,0.97397,2.06343,2533.06955,0,4e-5,0,1.80493,-1.90351,-0.10072,0.97397,2.06343,0.00171,-9999,537.23318,3.96822,0.20997,0.97574,1.79093,639.84066,0.00205,-22.3939,0.20417,0.00284,3.27656,0.17337,0.97502,2.03422,0.00288,respi
BIE5_respi,173.48755,2023/06/22,11:42:04,90.63,35.0532,1012.2,24.17575,2015.918,500.33,22.54,0.01,0.182,22.6,36172.42,46.9832,6.7264099999999996,-1.86299,-0.09485,0.99599,1.33183,2015.91818,0,5e-5,0,0.34623,-1.86299,-0.09485,0.99599,1.33183,6.2e-4,-9999,500.32782,17.589,0.8955,0.99862,1.20894,1213.80639,0.00126,-12.2654,0.22376,0.00311,15.8301,0.80595,0.99835,1.23248,0.0034,respi
BIE6_nee,151.57613,2023/05/31,13:49:38,90.53,37.77859,1005.7,26.71815,2045.875,480.93,19.181,0.01127,0.13945,26.7,33532.42,46.9834,6.72676,-0.1819,-0.01005,0.75384,6.09468,2045.87545,2001.28707,2.3e-4,21.42776,0.04332,-0.1808,-0.00999,0.75471,6.11995,6e-4,-9999,480.93245,-2.64444,-0.14614,0.96313,2.36536,0,3e-4,0,0.96905,0.00301,-2.64444,-0.14614,0.96313,2.36536,0.00301,nee
BIE6_nee,173.46991,2023/06/22,11:16:40,90.62,32.47426,1004.9,23.16904,1984.26,494.76,18.733,0.012,0.151,24.4,34192.42,46.9834,6.72678,-0.57867,-0.03094,0.96458,2.30003,1984.25955,0,2e-5,0,0.4684,-0.57867,-0.03094,0.96458,2.30003,6.1e-4,-9999,494.7635,9.58323,0.51247,0.99656,1.27742,933.98107,0.00117,-34.41945,0.19862,0.00276,8.46698,0.45278,0.99632,1.31873,0.00285,nee
BIE6_nee,206.48804,2023/07/25,11:42:47,89.81,25.69498,1005.7,14.63077,1980.232,478.92,16.108,0.013,0.156,15.2,33532.42,46.9835,6.72675,-0.18004,-0.0096,0.79615,5.37614,1980.23227,0,0,0,0.06292,-0.18004,-0.0096,0.79615,5.37614,5e-4,-9999,478.91682,-2.66638,-0.1421,0.97725,1.96825,470.35533,1,-50,0,0.00225,-2.66638,-0.1421,0.97725,1.96825,0.00225,nee
BIE6_nee,227.41573,2023/08/15,09:58:39,90.93,29.98162,996,19.94655,1995.003,488.22,19.003,0.013,0.154,21.9,33862.42,46.9834,6.7267,-0.24151,-0.01286,0.82906,4.84843,1995.00318,0,1e-5,0,0.16478,-0.24151,-0.01286,0.82906,4.84843,6.1e-4,-9999,488.21809,3.18786,0.16973,0.97024,1.82272,526.87728,0.00439,12.14703,0.17222,0.00239,2.46855,0.13143,0.96609,2.2606,0.00255,nee
BIE6_nee,249.39764,2023/09/06,09:32:36,91,29.05653,999.9,17.70364,2446.702,600.84,19.54,0.014,0.174,19.1,33532.42,46.9834,6.72673,-0.28362,-0.01513,0.86435,4.26749,2446.70182,0,1e-5,0,0.25128,-0.28362,-0.01513,0.86435,4.26749,6.2e-4,-9999,600.83609,4.81669,0.25696,0.98903,1.42358,680.39007,0.00323,-13.87426,0.1537,0.00213,3.66038,0.19527,0.98736,1.64727,0.00229,nee
BIE6_nee,270.41144,2023/09/27,09:52:28,91.05,24.87926,1005.5,10.70698,2921.055,647.23,12.508,0.026,0.305,11.5,34522.42,46.9835,6.72676,-0.71579,-0.03592,0.90537,3.54679,2921.055,0,1e-5,0,0.72283,-0.71579,-0.03592,0.90537,3.54679,0.0012,-9999,647.23145,3.84388,0.19289,0.98415,1.58419,734.46664,0.00221,-17.81385,0.15015,0.00209,3.15647,0.1584,0.98331,1.77944,0.00214,nee
BIE6_nee,305.41363,2023/11/01,09:55:38,89.73,17.73031,998,3.97234,2473.955,493.1,8.086,0.022,0.351,5.3,34192.42,46.9835,6.72677,-0.19926,-0.00996,0.58679,8.78084,2473.95455,0,0,0,0.16383,-0.19926,-0.00996,0.58679,8.78084,8.7e-4,-9999,493.10409,2.78283,0.13905,0.95912,1.83381,515.69802,0.00615,1.6914,0.14089,0.00196,1.82282,0.09108,0.95241,2.59904,0.00211,nee
BIE6_respi,151.57832,2023/05/31,13:52:47,90.54,38.41343,1005.4,27.34943,2049.592,490.46,23.731,0.011,0.139,26.9,33532.42,46.9834,6.72675,-0.30762,-0.01711,0.90725,3.51188,2049.59227,0,1e-5,0,0.16226,-0.30762,-0.01711,0.90725,3.51188,5.7e-4,-9999,490.45586,14.35791,0.79873,0.99929,1.18885,2518.64543,3.9e-4,-1.65817,0.15453,0.00215,13.94787,0.77592,0.99926,1.19178,0.00218,respi
BIE6_respi,173.46661,2023/06/22,11:11:55,90.61,31.17313,1007.9,23.0763,1975.549,501.29,18.462,0,0,24.7,34192.42,46.9834,6.72676,-0.36005,-0.01925,0.92996,3.07256,1975.54909,0,1e-5,0,0.3559,-0.36005,-0.01925,0.92996,3.07256,5.5e-4,-9999,501.2895,17.19523,0.91917,0.9993,1.18258,1034.45839,0.00172,-16.41821,0.15647,0.00217,14.7776,0.78994,0.99878,1.21425,0.00287,respi
BIE6_respi,206.48558,2023/07/25,11:39:14,89.81,25.23626,1005,14.30825,1983.331,509.48,16.234,0.012,0.159,14.9,33532.42,46.9835,6.72675,-0.27461,-0.01462,0.88194,3.97058,1983.33136,0,1e-5,0,0.04485,-0.27461,-0.01462,0.88194,3.97058,5.5e-4,-9999,509.47709,6.09505,0.3245,0.99599,1.3346,1043.35139,6.1e-4,26.52946,0.14959,0.00208,5.92942,0.31568,0.99593,1.34569,0.00209,respi
BIE6_respi,227.41314,2023/08/15,09:54:55,90.94,28.52774,995.9,19.89409,1997.922,500.69,19.516,0.013,0.15464,22.95909,33862.42,46.9834,6.72671,-0.27029,-0.01439,0.87902,4.01686,1997.92182,0,1e-5,0,0.12853,-0.27029,-0.01439,0.87902,4.01686,5.5e-4,-9999,500.69086,10.0032,0.53272,0.99779,1.24083,1087.3154,9.1e-4,-14.89768,0.17307,0.0024,9.2459,0.49239,0.99765,1.26069,0.00248,respi
BIE6_respi,249.39535,2023/09/06,09:29:18,91.01,27.92895,999.1,17.39722,2448.824,598.19,18.791,0.014,0.177,20.7,33532.42,46.9834,6.72673,-0.2146,-0.01143,0.80284,5.26717,2448.82364,2449.16301,1,-50,0,-0.2146,-0.01143,0.80284,5.26717,5.9e-4,-9999,598.18505,9.81254,0.52246,0.99835,1.21483,949.27204,0.00149,-9.6647,0.14048,0.00195,8.69503,0.46296,0.99797,1.24711,0.00217,respi
BIE6_respi,270.40686,2023/09/27,09:45:53,91.05,24.86564,1004.3,10.8708,2954.363,732.92,11.713,0.026,0.304,12.8,34522.42,46.9835,6.72675,-0.4627,-0.02321,0.93939,2.87726,2954.36318,0,1e-5,0,0.28645,-0.4627,-0.02321,0.93939,2.87726,6.1e-4,-9999,732.92091,6.04348,0.30319,0.99014,1.55275,1000000,0,0,1.06809,0.00314,6.04348,0.30319,0.99014,1.55275,0.00314,respi
BIE6_respi,305.41141,2023/11/01,09:52:26,89.73,17.50426,996.8,3.78696,2457.774,479.05,7.612,0.022,0.34973,5.52727,34192.42,46.9835,6.72678,-0.71502,-0.03569,0.87113,4.15815,2457.77409,0,1e-5,0,0.10691,-0.71502,-0.03569,0.87113,4.15815,0.00142,-9999,479.04664,2.76773,0.13813,0.95601,2.51613,1000000,0,0,0.76861,0.00307,2.76773,0.13813,0.95601,2.51613,0.00307,respi
BIE6_respi,173.47233,2023/06/22,11:20:09,90.63,32.87071,1005.2,22.96631,1982.319,509.7,18.634,0.012,0.15,23.3,34192.42,46.9834,6.72679,-2.23423,-0.11937,0.96944,1.26178,1982.31864,1975.5692,0.01769,-6.7908,0.04298,-0.60237,-0.03218,0.95508,2.52968,7.2e-4,-9999,509.70032,26.35943,1.40835,0.99914,1.17217,741.87621,0.00607,-17.06063,0.18145,0.00252,15.48241,0.82721,0.99326,1.43938,0.00707,respi
BIE7_nee,151.5722,2023/05/31,13:43:58,90.53,37.33335,1005.9,25.59825,2049.564,507.03,23.099,0.013,0.164,25.9,32872.42,46.9834,6.72663,-0.80144,-0.04519,0.98685,1.67535,2049.56409,0,2e-5,0,0.10614,-0.80144,-0.04519,0.98685,1.67535,5.5e-4,-9999,507.03236,2.1684,0.12227,0.97619,2.00584,1000000,0,0,0.33344,0.002,2.1684,0.12227,0.97619,2.00584,0.002,nee
BIE7_nee,173.47963,2023/06/22,11:30:40,90.63,33.47238,1004.5,23.63863,1994.762,495.48,19.627,0.009,0.131,22.6,32872.42,46.9834,6.72666,-1.14831,-0.06403,0.98739,1.64762,1994.76182,0,3e-5,0,0.48845,-1.14831,-0.06403,0.98739,1.64762,7.5e-4,-9999,495.48105,5.57417,0.3108,0.99269,1.41483,883.87151,8e-4,-41.94659,0.18183,0.00253,5.08909,0.28375,0.99258,1.46458,0.00254,nee
BIE7_nee,206.49543,2023/07/25,11:53:25,89.8,26.52905,1006.3,15.50309,1978.523,489.57,16.461,0.007,0.135,15.7,32872.42,46.9834,6.72661,-0.50281,-0.02743,0.96147,2.38325,1978.52318,0,1e-5,0,0.13521,-0.50281,-0.02743,0.96147,2.38325,5.7e-4,-9999,489.57441,4.58232,0.24999,0.99407,1.41856,1000000,0,0,0.14566,0.002,4.58232,0.24999,0.99407,1.41856,0.002,nee
BIE7_nee,227.42248,2023/08/15,10:08:22,90.93,30.86119,996.8,20.47055,1993.385,503.13,18.832,0.008,0.12,20.3,32872.42,46.9834,6.72661,-0.78313,-0.04302,0.98482,1.73015,1993.38455,0,2e-5,0,0.13249,-0.78313,-0.04302,0.98482,1.73015,5.5e-4,-9999,503.13023,6.21811,0.34162,0.98967,1.38502,571.22339,0.00502,5.1539,0.18768,0.00261,4.46421,0.24526,0.98329,1.77863,0.00332,nee
BIE7_nee,249.4041,2023/09/06,09:41:54,90.99,30.77841,1001.4,19.6648,2394.418,573.98,21.675,0.007,0.12,17.2,33532.42,46.9834,6.72662,-1.02654,-0.05526,0.00412,6.6146,2394.41773,2393.12341,0.04269,1.92366,0.25912,-0.63494,-0.03418,0.9658,2.26776,6.7e-4,-9999,573.9805,2.96853,0.1598,0.95869,1.70829,603.56994,0.0054,-29.04091,0.14476,0.00201,1.73142,0.0932,0.95445,2.54292,0.00211,nee
BIE7_nee,270.45368,2023/09/27,10:53:18,90.99,31.42641,1012.1,18.93439,2355.368,531.29,16.343,0.008,0.14573,13.11364,34852.42,46.9834,6.72666,-0.81863,-0.04206,0.98108,1.84635,2355.36818,0,2e-5,0,0.11275,-0.81863,-0.04206,0.98108,1.84635,6.1e-4,-9999,531.29023,-5.08613,-0.26132,0.98568,1.70208,0,4.9e-4,0,1.07691,0.00327,-5.08613,-0.26132,0.98568,1.70208,0.00327,nee
BIE7_nee,305.41955,2023/11/01,10:04:09,89.73,17.74326,1000.6,3.2199,2549.45,527.14,7.992,0.009,0.188,4.8,34522.42,46.9834,6.72665,-0.88708,-0.04378,0.97924,1.91372,2549.45,0,2e-5,0,0.05169,-0.88708,-0.04378,0.97924,1.91372,6.6e-4,-9999,527.13805,0.6857,0.03384,0.58974,5.93119,538.09484,0.00309,-50,0.14164,0.00197,0.46571,0.02298,0.6021,8.51133,0.00194,nee
BIE7_respi,151.57,2023/05/31,13:40:48,90.53,36.87044,1006.2,24.54927,2048.799,500.88,19.866,0.012,0.162,24.9,32872.42,46.9834,6.72662,-0.78059,-0.04371,0.98296,1.85955,2048.79864,0,2e-5,0,0.22187,-0.78059,-0.04371,0.98296,1.85955,6.4e-4,-9999,500.87909,19.25499,1.07832,0.99947,1.17872,955.68951,0.00237,-1.41054,0.15612,0.00231,16.29942,0.9128,0.99839,1.24111,0.00405,respi
BIE7_respi,173.47742,2023/06/22,11:27:29,90.63,33.43463,1005.3,23.31742,1991.556,499.5,19.853,0.009,0.13,22.8,32872.42,46.9834,6.72666,-2.14085,-0.11927,0.97578,1.46151,1991.55591,1977.28091,0.00835,-4.27448,0.076,-1.1584700000000001,-0.06454,0.97068,2.15066,0.00117,-9999,499.50482,12.41464,0.69162,0.99747,1.25619,1377.56426,7.9e-4,-25.60075,0.24037,0.00336,11.50206,0.64078,0.99737,1.27591,0.00343,respi
BIE7_respi,206.49274,2023/07/25,11:49:33,89.81,26.09747,1005.3,15.30207,1977.795,484.66,16.201,0.008,0.13,15.4,32872.42,46.9834,6.72662,-0.84315,-0.04595,0.98578,1.7092,1977.79545,0,2e-5,0,0.08896,-0.84315,-0.04595,0.98578,1.7092,5.7e-4,-9999,484.65627,10.8915,0.59353,0.99875,1.22331,1877.83728,4.3e-4,-6.39445,0.15175,0.00211,10.53416,0.57406,0.99872,1.22813,0.00213,respi
BIE7_respi,227.42021,2023/08/15,10:05:06,90.94,30.68892,996.5,19.25722,1985.856,494.89,17.993,0.008,0.12,20.7,32872.42,46.9834,6.72661,-1.09262,-0.05972,0.99141,1.50591,1985.85636,0,3e-5,0,0.12433,-1.09262,-0.05972,0.99141,1.50591,5.8e-4,-9999,494.88732,14.32879,0.78317,0.99891,1.20597,1000000,0,0,0.27674,0.00269,14.32879,0.78317,0.99891,1.20597,0.00269,respi
BIE7_respi,249.40177,2023/09/06,09:38:33,91,30.2031,1001.8,18.38286,2462.862,601.7,22.56,0.007,0.12,17.86364,33532.42,46.9834,6.72661,-1.52989,-0.08206,0.99412,1.40413,2462.86227,0,3e-5,0,0.18159,-1.52989,-0.08206,0.99412,1.40413,6.5e-4,-9999,601.70477,8.51702,0.45683,0.99682,1.25105,801.32229,0.00229,-16.90258,0.15746,0.00219,6.96054,0.37334,0.99595,1.33164,0.00247,respi
BIE7_respi,270.45138,2023/09/27,10:49:59,90.98,30.77262,1012.1,17.32073,2331.878,528.24,14.808,0.008,0.146,13.4,34852.42,46.9834,6.72665,-0.45996,-0.02347,0.95965,2.42039,2331.87773,0,1e-5,0,0.04242,-0.45996,-0.02347,0.95965,2.42039,5e-4,-9999,528.24391,5.70955,0.29131,0.99534,1.35662,1000000,0,0,0.39466,0.00207,5.70955,0.29131,0.99534,1.35662,0.00207,respi
BIE7_respi,305.41741,2023/11/01,10:01:04,89.73,17.80426,999.9,3.33473,2533.241,520.26,8.003,0.009,0.182,5,34522.42,46.9834,6.72665,-0.80446,-0.03972,0.98237,1.82011,2533.24136,0,2e-5,0,0.2684,-0.80446,-0.03972,0.98237,1.82011,5.5e-4,-9999,520.26136,5.19778,0.25662,0.99413,1.3782,701.30656,0.00142,-1.63667,0.13277,0.00184,4.6862,0.23136,0.99377,1.43418,0.0019,respi
BIE8_nee,151.55723,2023/05/31,13:22:25,90.52,35.24855,1009.2,24.43704,2051.033,481.47,20.233,0.006,0.12,23.3,33862.42,46.9834,6.72636,-1.10613,-0.06015,0.99205,1.48507,2051.03318,0,3e-5,0,0.05536,-1.10613,-0.06015,0.99205,1.48507,5.6e-4,-9999,481.46768,-0.27798,-0.01511,0.36163,13.82587,0,3e-5,0,0.16842,0.00208,-0.27798,-0.01511,0.36163,13.82587,0.00208,nee
BIE8_nee,173.49748,2023/06/22,11:56:22,90.67,35.66858,1013.5,23.61561,2001.328,499.77,19.911,0.004,0.077,22.4,33862.42,46.9835,6.72638,-1.18385,-0.06407,0.99022,1.55009,2001.32818,0,3e-5,0,0.10038,-1.18385,-0.06407,0.99022,1.55009,6.6e-4,-9999,499.77327,4.8399,0.26192,0.99117,1.42457,690.54833,0.00137,-48.6237,0.15652,0.00217,4.10298,0.22204,0.99084,1.52794,0.00221,nee
BIE8_nee,206.51063,2023/07/25,12:15:18,89.79,27.60805,1010.6,16.04852,1980.22,483.98,18.564,0.007,0.126,17.2,32212.42,46.9835,6.72636,-0.87223,-0.04876,0.98462,1.74645,1980.22,0,2e-5,0,0.05734,-0.87223,-0.04876,0.98462,1.74645,6.3e-4,-9999,483.97741,1.77544,0.09925,0.9489,2.67596,1000000,0,0,0.29248,0.00239,1.77544,0.09925,0.9489,2.67596,0.00239,nee
BIE8_nee,227.4366,2023/08/15,10:28:42,90.93,34.29703,1002,22.00433,1992.28,488.65,19.093,0.004,0.083,21.1,32212.42,46.9834,6.72635,-1.26043,-0.07105,0.98885,1.59604,1992.28,0,4e-5,0,0.20126,-1.26043,-0.07105,0.98885,1.59604,7.8e-4,-9999,488.65068,1.36739,0.07708,0.69058,7.03662,1000000,0,0,0.38523,0.00535,1.36739,0.07708,0.69058,7.03662,0.00535,nee
BIE8_nee,249.41874,2023/09/06,10:02:59,91,34.28738,1006.4,21.91035,2216.167,516.75,20.901,0.005,0.093,18,33202.42,46.9835,6.72636,-1.0715,-0.05864,0.99183,1.48959,2216.16727,0,3e-5,0,0.04036,-1.0715,-0.05864,0.99183,1.48959,5.5e-4,-9999,516.75195,-2.97425,-0.16278,0.98057,1.86113,0,3.1e-4,0,0.249,0.00238,-2.97425,-0.16278,0.98057,1.86113,0.00238,nee
BIE8_nee,270.4666,2023/09/27,11:11:54,90.97,33.42472,1006.7,22.1184,2316.129,513.52,18.244,0.006,0.111,15,33532.42,46.9835,6.72636,-1.34967,-0.07302,0.99304,1.44473,2316.12909,0,3e-5,0,0.15621,-1.34967,-0.07302,0.99304,1.44473,6.3e-4,-9999,513.52305,-5.37724,-0.29092,0.9929,1.45011,0,5.7e-4,0,0.79026,0.00255,-5.37724,-0.29092,0.9929,1.45011,0.00255,nee
BIE8_nee,305.43234,2023/11/01,10:22:34,89.72,17.6072,1002.3,3.6904,2577.995,540.81,8.429,0.019,0.373,4.5,32872.42,46.9834,6.72639,-0.99933,-0.05191,0.98379,1.77619,2577.99455,0,2e-5,0,0.14267,-0.99933,-0.05191,0.98379,1.77619,6.9e-4,-9999,540.80927,-0.48366,-0.02512,0.56094,9.24912,541.41109,1,-50,0,0.0023,-0.48366,-0.02512,0.56094,9.24912,0.0023,nee
BIE8_respi,151.55959,2023/05/31,13:25:49,90.51,35.7339,1008.9,24.98696,2052.528,492.58,20.762,0.006,0.118,24.2,33862.42,46.9834,6.72636,-1.12006,-0.06105,0.9926,1.46474,2052.52818,0,3e-5,0,0.04721,-1.12006,-0.06105,0.9926,1.46474,5.5e-4,-9999,492.57895,12.36307,0.67391,0.99892,1.20669,3522.58321,2.2e-4,-2.74156,0.16262,0.00226,12.15938,0.6628,0.99891,1.20861,0.00227,respi
BIE8_respi,173.49523,2023/06/22,11:53:08,90.67,35.51419,1013.3,23.32286,1992.79,507.18,18.782,0.004,0.075,22.1,33862.42,46.9835,6.72637,-1.18666,-0.06408,0.99175,1.4949,1992.79045,0,3e-5,0,0.20292,-1.18666,-0.06408,0.99175,1.4949,6.1e-4,-9999,507.18359,11.52284,0.62224,0.99785,1.22615,778.71189,0.00229,-6.21492,0.18074,0.00251,9.64217,0.52068,0.99679,1.29887,0.00306,respi
BIE8_respi,206.50836,2023/07/25,12:12:02,89.8,27.76675,1010,15.73315,1981.548,497.54,16.826,0.007,0.13,17,32212.42,46.9835,6.72636,-0.68863,-0.03838,0.97307,2.08483,1981.54773,0,2e-5,0,0.44981,-0.68863,-0.03838,0.97307,2.08483,6.6e-4,-9999,497.54068,8.6868,0.48418,0.99469,1.27619,594.20147,0.00501,-9.28916,0.17717,0.00246,5.81335,0.32402,0.99028,1.55762,0.00333,respi
BIE8_respi,227.43443,2023/08/15,10:25:35,90.94,34.28049,1001.5,21.69361,1973.785,491.53,17.979,0.004,0.081,21.1,32212.42,46.9834,6.72635,-1.18628,-0.06672,0.98921,1.58361,1973.78545,0,3e-5,0,0.10564,-1.18628,-0.06672,0.98921,1.58361,7.2e-4,-9999,491.53109,10.96034,0.61641,0.99792,1.20545,636.60233,0.00425,-4.52683,0.15273,0.00212,7.94916,0.44706,0.99474,1.37962,0.00337,respi
BIE8_respi,249.41638,2023/09/06,09:59:35,90.99,33.9675,1006.6,21.77997,2185.743,527.32,20.218,0.005,0.096,18,33202.42,46.9835,6.72634,-0.66277,-0.03624,0.97737,1.95523,2185.74273,2189.36137,1,-50,0,-0.66277,-0.03624,0.97737,1.95523,5.7e-4,-9999,527.31795,5.22258,0.28553,0.99404,1.40628,1000000,0,0,3.52692,0.00229,5.22258,0.28553,0.99404,1.40628,0.00229,respi
BIE8_respi,270.46456,2023/09/27,11:08:58,90.98,32.77321,1008.2,21.04133,2318.314,520.09,15.729,0.006,0.111,15,33532.42,46.9835,6.72637,-1.4702,-0.07904,0.99484,1.3755,2318.31364,0,3e-5,0,0.073,-1.4702,-0.07904,0.99484,1.3755,5.9e-4,-9999,520.09073,4.67649,0.25142,0.99366,1.40422,1001.541,5.2e-4,1.47311,0.14455,0.00201,4.5076599999999996,0.24234,0.99361,1.42312,0.00201,respi
BIE8_respi,305.43023,2023/11/01,10:19:32,89.72,17.60893,1001,3.70751,2591.545,618.2,8.111,0.01227,0.25091,4,32872.42,46.9834,6.72639,-1.09845,-0.05704,0.98783,1.64572,2591.54455,0,2e-5,0,0.23574,-1.09845,-0.05704,0.98783,1.64572,6.6e-4,-9999,618.19709,2.52503,0.13113,0.97804,1.94866,1000000,0,0,0.92186,0.00204,2.52503,0.13113,0.97804,1.94866,0.00204,respi
BIE9_nee,151.55285,2023/05/31,13:16:06,90.52,35.3379,1010.5,23.98761,2047.593,489.34,17.035,0.013,0.225,22.6,35512.42,46.9836,6.72619,-1.32797,-0.06852,0.99367,1.42448,2047.59273,0,3e-5,0,0.42275,-1.32797,-0.06852,0.99367,1.42448,5.7e-4,-9999,489.33982,1.5722,0.08112,0.79013,3.57649,512.83809,0.00345,-50,0.19762,0.00274,1.01683,0.05247,0.82463,4.92049,0.00251,nee
BIE9_nee,173.50465,2023/06/22,12:06:42,90.71,35.48362,1015.7,22.98376,1998.815,499.5,20.657,0.009,0.161,22.1,35512.42,46.9836,6.72619,-2.2394,-0.11535,0.99706,1.28723,1998.81455,0,6e-5,0,0.40001,-2.2394,-0.11535,0.99706,1.28723,6.5e-4,-9999,499.50227,7.82046,0.40283,0.99438,1.31427,652.19989,0.00264,-14.38073,0.18051,0.00251,6.239,0.32137,0.9933,1.43717,0.00274,nee
BIE9_nee,206.51963,2023/07/25,12:28:16,89.78,29.36271,1013,18.1693,1978.822,483.58,18.5,0.006,0.123,18,34192.42,46.9836,6.72618,-1.44631,-0.07673,0.99435,1.40718,1978.82182,0,4e-5,0,0.58255,-1.44631,-0.07673,0.99435,1.40718,6e-4,-9999,483.58023,-1.34605,-0.07141,0.93142,3.04721,488.67956,1,-50,0,0.00201,-1.34605,-0.07141,0.93142,3.04721,0.00201,nee
BIE9_nee,227.44238000000001,2023/08/15,10:37:02,90.94,34.40607,1004.7,21.97594,1974.868,491.48,20.502,0.005,0.09,21.1,34192.42,46.9836,6.72617,-1.64123,-0.08727,0.99599,1.32946,1974.86818,0,4e-5,0,0.1734,-1.64123,-0.08727,0.99599,1.32946,5.7e-4,-9999,491.47745,3.34512,0.17787,0.96703,1.80467,557.96073,0.00268,-49.79704,0.17755,0.00247,2.42486,0.12894,0.96926,2.17838,0.00238,nee
BIE9_nee,249.42683,2023/09/06,10:14:38,91.01,35.63964,1007,23.86438,2168.358,498.87,21.646,0.004,0.094,18.9,34852.42,46.9836,6.72618,-1.68819,-0.08866,0.99449,1.38799,2168.35818,0,4e-5,0,0.06305,-1.68819,-0.08866,0.99449,1.38799,6.8e-4,-9999,498.87423,3.4176,0.17949,0.98874,1.59866,1000000,0,0,0.18837,0.00199,3.4176,0.17949,0.98874,1.59866,0.00199,nee
BIE9_nee,270.47321,2023/09/27,11:21:25,90.97,34.62908,1006,23.16232,2278.555,527.77,16.995,0.009,0.2,15.8,34852.42,46.9836,6.72616,-2.08159,-0.10859,0.99744,1.26836,2278.555,0,5e-5,0,0.16443,-2.08159,-0.10859,0.99744,1.26836,5.7e-4,-9999,527.76541,-3.48961,-0.18205,0.98657,1.67235,0,3.4e-4,0,0.18729,0.0022,-3.48961,-0.18205,0.98657,1.67235,0.0022,nee
BIE9_nee,305.43822,2023/11/01,10:31:02,89.72,17.8908,1004.9,4.52396,2598.852,560.75,8.904,0.01,0.262,5,34192.42,46.9836,6.72615,-1.70289,-0.08534,0.99676,1.31597,2598.85227,0,3e-5,0,0.06046,-1.70289,-0.08534,0.99676,1.31597,5e-4,-9999,560.7505,-0.58763,-0.02945,0.66041,7.47472,471.76673,3.3e-4,48.17827,0.15651,0.00217,-0.58361,-0.02925,0.66098,7.51889,0.00217,nee
BIE9_respi,151.55013,2023/05/31,13:12:11,90.52,35.69359,1010.4,23.64727,2049.381,511.02,18.768,0,0,21.5,35512.42,46.9836,6.72619,-1.54589,-0.07982,0.99487,1.3778,2049.38136,0,4e-5,0,0.05969,-1.54589,-0.07982,0.99487,1.3778,5.9e-4,-9999,511.02427,18.95965,0.97891,0.99957,1.17802,2833.23085,4.2e-4,-1.70128,0.1467,0.00204,18.38038,0.949,0.99954,1.18049,0.0021,respi
BIE9_respi,173.50244,2023/06/22,12:03:31,90.7,35.5087,1014.4,22.99265,2013.612,510.39,21.235,0.009,0.164,22.4,35512.42,46.9836,6.72618,-2.36144,-0.12172,0.99554,1.34964,2013.61182,0,6e-5,0,0.13147,-2.36144,-0.12172,0.99554,1.34964,8.4e-4,-9999,510.38859,14.56581,0.75081,0.99883,1.20068,1039.38383,0.00142,-4.12048,0.17215,0.00239,13.08231,0.67434,0.99848,1.22645,0.00273,respi
BIE9_respi,206.51742,2023/07/25,12:25:05,89.78,29.13712,1012.3,18.37529,1980.089,480.44,18.296,0.006,0.125,17.83636,34192.42,46.9836,6.72618,-1.83154,-0.09722,0.99614,1.33603,1980.08909,0,5e-5,0,0.82216,-1.83154,-0.09722,0.99614,1.33603,6.3e-4,-9999,480.44445,10.59965,0.56262,0.99854,1.2352,1000000,0,0,2.76847,0.00223,10.59965,0.56262,0.99854,1.2352,0.00223,respi
BIE9_respi,227.44042,2023/08/15,10:34:12,90.93,34.47946,1004.1,22.06088,1973.112,481.46,17.799,0.005,0.087,21.3,34192.42,46.9836,6.72617,-1.9245,-0.10209,0.99641,1.31209,1973.11227,0,5e-5,0,0.07377,-1.9245,-0.10209,0.99641,1.31209,6.3e-4,-9999,481.45768,11.36386,0.60281,0.99889,1.20078,1647.99717,5.2e-4,-34.18784,0.14208,0.00197,10.75786,0.57066,0.99885,1.20783,0.00201,respi
BIE9_respi,249.42406,2023/09/06,10:10:39,91,34.95026,1007.6,22.37765,2190.6,588.53,22.374,0.004,0.097,19.3,34852.42,46.9836,6.72617,-1.97646,-0.10337,0.99756,1.26306,2190.59955,0,5e-5,0,0.13449,-1.97646,-0.10337,0.99756,1.26306,5.3e-4,-9999,588.52682,10.16998,0.53188,0.99753,1.21569,771.77507,0.0029,-33.11293,0.14596,0.00203,7.51211,0.39288,0.99618,1.32092,0.00252,respi
BIE9_respi,270.47108,2023/09/27,11:18:21,90.95,33.98608,1006.9,22.64939,2281.519,526.65,18.227,0.009,0.20127,15.41818,34852.42,46.9836,6.72616,-1.7913,-0.09342,0.99461,1.38435,2281.51909,0,4e-5,0,0.29371,-1.7913,-0.09342,0.99461,1.38435,7.1e-4,-9999,526.65218,6.38486,0.333,0.99572,1.31741,869.18671,9.7e-4,-0.30204,0.15201,0.00211,5.95288,0.31047,0.99556,1.34661,0.00215,respi
BIE9_respi,305.4362,2023/11/01,10:28:08,89.72,17.77384,1004.5,4.29271,2608.6,632.76,8.892,0.009,0.259,4.9,34192.42,46.9836,6.72615,-2.0057,-0.10043,0.9974,1.28969,2608.59955,0,4e-5,0,0.0438,-2.0057,-0.10043,0.9974,1.28969,5.3e-4,-9999,632.75518,3.21837,0.16115,0.98584,1.71071,1000000,0,0,1.80172,0.002,3.21837,0.16115,0.98584,1.71071,0.002,respi
